# ABMS : MySQL database backup
#
# Generated: Friday 25. November 2022
# Hostname: localhost
# Database: bis
# --------------------------------------------------------


#
# Delete any existing table `tbl_support`
#

DROP TABLE IF EXISTS `tbl_support`;


#
# Table structure of table `tbl_support`
#



CREATE TABLE `tbl_support` (
  `id` int(11) NOT NULL AUTO_INCREMENT,
  `name` varchar(50) DEFAULT NULL,
  `email` varchar(60) DEFAULT NULL,
  `number` varchar(20) DEFAULT NULL,
  `subject` varchar(100) DEFAULT NULL,
  `message` text DEFAULT NULL,
  `date` timestamp NULL DEFAULT current_timestamp(),
  PRIMARY KEY (`id`)
) ENGINE=InnoDB AUTO_INCREMENT=4 DEFAULT CHARSET=utf8mb4;




#
# Delete any existing table `tbl_users`
#

DROP TABLE IF EXISTS `tbl_users`;


#
# Table structure of table `tbl_users`
#



CREATE TABLE `tbl_users` (
  `id` int(11) NOT NULL AUTO_INCREMENT,
  `username` varchar(50) DEFAULT NULL,
  `password` varchar(100) DEFAULT NULL,
  `user_type` varchar(20) DEFAULT NULL,
  `avatar` text DEFAULT NULL,
  `created_at` timestamp NOT NULL DEFAULT current_timestamp(),
  PRIMARY KEY (`id`)
) ENGINE=InnoDB AUTO_INCREMENT=13 DEFAULT CHARSET=utf8mb4;

INSERT INTO tbl_users VALUES("10","staff","6ccb4b7c39a6e77f76ecfa935a855c6c46ad5611","staff","03052021043218icon.png","2021-05-03 10:32:18");
INSERT INTO tbl_users VALUES("11","admin","d033e22ae348aeb5660fc2140aec35850c4da997","administrator","3010202210164909052021074950person.png","2021-05-03 10:33:03");



#
# Delete any existing table `tblblotter`
#

DROP TABLE IF EXISTS `tblblotter`;


#
# Table structure of table `tblblotter`
#



CREATE TABLE `tblblotter` (
  `id` int(11) NOT NULL AUTO_INCREMENT,
  `complainant` varchar(100) DEFAULT NULL,
  `respondent` varchar(100) DEFAULT NULL,
  `victim` varchar(100) DEFAULT NULL,
  `type` varchar(100) DEFAULT NULL,
  `location` varchar(100) DEFAULT NULL,
  `date` date DEFAULT NULL,
  `time` time DEFAULT NULL,
  `details` varchar(10000) DEFAULT NULL,
  `status` varchar(50) DEFAULT NULL,
  PRIMARY KEY (`id`)
) ENGINE=InnoDB AUTO_INCREMENT=27 DEFAULT CHARSET=latin1;

INSERT INTO tblblotter VALUES("10","Joe Rizal","Nora Selos","Joe Rizal","Amicable","Pob 1 Catbalogan, Samar","2020-11-02","00:30:00"," Sustento sa Anaak ","Scheduled");
INSERT INTO tblblotter VALUES("16","Tiboy Tibo","Maria Advitos","Tiboy","Incident","Brgy1","2020-11-06","23:35:00","  Di alam ano pinag awayan  ","Scheduled");
INSERT INTO tblblotter VALUES("19","Girl Topak","Boy Topak","Girl Topak","Incident","Manila","2021-01-13","11:11:00","Mga Topakin na Pamilya","Active");
INSERT INTO tblblotter VALUES("20","Kayzel","Mario","Kayzel","Incident","Quezon City","2021-01-07","00:12:00","Iwan Ko","Settled");
INSERT INTO tblblotter VALUES("22","Juan dela Cruz","Peter","Juan","Amicable","Manila","2021-01-01","22:16:00","   ayaw magbayad ng utang.. hehhheee   ","Active");
INSERT INTO tblblotter VALUES("26","Ron","Cajan","ROn Cajan","Amicable","Looc","2021-04-30","13:09:00","Donec sollicitudin molestie malesuada. Curabitur non nulla sit amet nisl tempus convallis quis ac lectus. Sed porttitor lectus nibh. Vestibulum ante ipsum primis in faucibus orci luctus et ultrices posuere cubilia Curae; Donec velit neque, auctor sit amet aliquam vel, ullamcorper sit amet ligula.","Settled");



#
# Delete any existing table `tblbrgy_info`
#

DROP TABLE IF EXISTS `tblbrgy_info`;


#
# Table structure of table `tblbrgy_info`
#



CREATE TABLE `tblbrgy_info` (
  `id` int(11) NOT NULL AUTO_INCREMENT,
  `province` varchar(100) DEFAULT NULL,
  `town` varchar(100) DEFAULT NULL,
  `brgy_name` varchar(50) DEFAULT NULL,
  `number` varchar(50) DEFAULT NULL,
  `text` text DEFAULT NULL,
  `image` varchar(200) DEFAULT NULL,
  `city_logo` varchar(100) DEFAULT NULL,
  `brgy_logo` varchar(100) DEFAULT NULL,
  PRIMARY KEY (`id`)
) ENGINE=InnoDB AUTO_INCREMENT=2 DEFAULT CHARSET=utf8mb4;

INSERT INTO tblbrgy_info VALUES("1","Misamis Oriental","Cagayan de Oro","MACABALAN","0919-1234567","","1310202211143906102022053442mc-arthur.jpg","1310202211143906102022084441Cagayan_de_Oro_official_seal,_2014.png","1310202211143910102022054751output-onlinepngtools(1).png");



#
# Delete any existing table `tblchairmanship`
#

DROP TABLE IF EXISTS `tblchairmanship`;


#
# Table structure of table `tblchairmanship`
#



CREATE TABLE `tblchairmanship` (
  `id` int(11) NOT NULL AUTO_INCREMENT,
  `title` varchar(100) DEFAULT NULL,
  PRIMARY KEY (`id`)
) ENGINE=InnoDB AUTO_INCREMENT=12 DEFAULT CHARSET=utf8mb4;

INSERT INTO tblchairmanship VALUES("2","Presiding Officer");
INSERT INTO tblchairmanship VALUES("3","Committee on Appropriation");
INSERT INTO tblchairmanship VALUES("4","Committee on Peace & Order");
INSERT INTO tblchairmanship VALUES("5","Committee on Health");
INSERT INTO tblchairmanship VALUES("6","Committee on Education");
INSERT INTO tblchairmanship VALUES("7","Committee on Rules");
INSERT INTO tblchairmanship VALUES("8","Committee on Infra");
INSERT INTO tblchairmanship VALUES("9","Committee on Solid Waste");
INSERT INTO tblchairmanship VALUES("10","Committee on Sports");
INSERT INTO tblchairmanship VALUES("11","No Chairmanship");



#
# Delete any existing table `tblofficials`
#

DROP TABLE IF EXISTS `tblofficials`;


#
# Table structure of table `tblofficials`
#



CREATE TABLE `tblofficials` (
  `id` int(11) NOT NULL AUTO_INCREMENT,
  `name` varchar(50) DEFAULT NULL,
  `chairmanship` varchar(50) DEFAULT NULL,
  `position` varchar(50) DEFAULT NULL,
  `termstart` date DEFAULT NULL,
  `termend` date DEFAULT NULL,
  `status` varchar(20) DEFAULT NULL,
  PRIMARY KEY (`id`)
) ENGINE=InnoDB AUTO_INCREMENT=15 DEFAULT CHARSET=utf8mb4;

INSERT INTO tblofficials VALUES("1","Peter Guevarra	","2","4","2021-04-29","2021-05-01","Active");
INSERT INTO tblofficials VALUES("4","Marlon A. Lorio","3","7","2021-04-03","2021-04-24","Active");
INSERT INTO tblofficials VALUES("5","GARRY A. RAFEL","4","8","2021-04-03","2021-04-03","Active");
INSERT INTO tblofficials VALUES("6","TRILLION LOWRY	","5","9","2021-04-03","2021-04-03","Active");
INSERT INTO tblofficials VALUES("7","MELANIE M. ELBOR	","6","10","2021-04-03","2021-04-03","Active");
INSERT INTO tblofficials VALUES("8","ERLINDA V. VITUS	","7","11","2021-04-03","2021-04-03","Active");
INSERT INTO tblofficials VALUES("9","JOEDAVINCE","8","12","2021-04-03","2021-04-03","Active");
INSERT INTO tblofficials VALUES("10","ALEJANDRO A. CAGAMPANG	","9","13","2021-04-03","2021-04-03","Active");
INSERT INTO tblofficials VALUES("11","JOSEPH P. PARDOS	","10","14","2021-04-03","2021-04-03","Active");
INSERT INTO tblofficials VALUES("12","RUTH A. BACAG	","11","15","2021-04-03","2021-04-03","Active");
INSERT INTO tblofficials VALUES("13","DIANNE A. CURRY	","11","16","2021-04-03","2021-04-03","Active");



#
# Delete any existing table `tblpayments`
#

DROP TABLE IF EXISTS `tblpayments`;


#
# Table structure of table `tblpayments`
#



CREATE TABLE `tblpayments` (
  `id` int(11) NOT NULL AUTO_INCREMENT,
  `details` varchar(100) DEFAULT NULL,
  `amounts` decimal(10,2) DEFAULT NULL,
  `date` date DEFAULT NULL,
  `user` varchar(50) DEFAULT NULL,
  `name` varchar(50) DEFAULT NULL,
  PRIMARY KEY (`id`)
) ENGINE=InnoDB AUTO_INCREMENT=13 DEFAULT CHARSET=utf8mb4;

INSERT INTO tblpayments VALUES("5","Business Permit Payment","7000.00","2021-05-19","admin"," Atrium Salon & Studio");
INSERT INTO tblpayments VALUES("6","Certificate of Indigency Payment","3500.00","2021-05-19","admin"," Ronil Gonzales Cajan");
INSERT INTO tblpayments VALUES("7","Barangay Clearance Payment","2500.00","2021-05-19","admin"," Ronil Poe Cajan");
INSERT INTO tblpayments VALUES("8","Business Permit Payment","3500.00","2021-05-18","admin"," Atrium Salon & Studio");
INSERT INTO tblpayments VALUES("9","Business Permit Payment","7000.00","2021-05-18","admin"," Atrium Salon & Studio");
INSERT INTO tblpayments VALUES("10","Business Permit Payment","7500.00","2021-05-18","admin"," Atrium Salon & Studio");
INSERT INTO tblpayments VALUES("11","Barangay Clearance Payment","2000066.00","2022-10-13","admin"," Ronil 213213 Cajan");
INSERT INTO tblpayments VALUES("12","Barangay Clearance Payment","17.00","2022-10-19","admin"," Ronil 213213 Cajan");



#
# Delete any existing table `tblpermit`
#

DROP TABLE IF EXISTS `tblpermit`;


#
# Table structure of table `tblpermit`
#



CREATE TABLE `tblpermit` (
  `id` int(11) NOT NULL AUTO_INCREMENT,
  `name` varchar(80) DEFAULT NULL,
  `owner1` varchar(200) DEFAULT NULL,
  `owner2` varchar(80) DEFAULT NULL,
  `nature` varchar(220) DEFAULT NULL,
  `applied` date DEFAULT NULL,
  PRIMARY KEY (`id`)
) ENGINE=InnoDB AUTO_INCREMENT=6 DEFAULT CHARSET=utf8mb4;

INSERT INTO tblpermit VALUES("4","SH Food Group 1","SH Food Group 1","SH Food Group 2","SH Food Group 1","2021-04-30");
INSERT INTO tblpermit VALUES("5","Atrium Salon & Studio","SH Food Group 213","","Atrium Salon & Studio","2021-04-30");



#
# Delete any existing table `tblposition`
#

DROP TABLE IF EXISTS `tblposition`;


#
# Table structure of table `tblposition`
#



CREATE TABLE `tblposition` (
  `id` int(11) NOT NULL AUTO_INCREMENT,
  `position` varchar(50) DEFAULT NULL,
  `order` int(11) DEFAULT NULL,
  PRIMARY KEY (`id`)
) ENGINE=InnoDB AUTO_INCREMENT=17 DEFAULT CHARSET=utf8mb4;

INSERT INTO tblposition VALUES("4","Captain","1");
INSERT INTO tblposition VALUES("7","Councilor 1","2");
INSERT INTO tblposition VALUES("8","Councilor 2","3");
INSERT INTO tblposition VALUES("9","Councilor 3","4");
INSERT INTO tblposition VALUES("10","Councilor 4","5");
INSERT INTO tblposition VALUES("11","Councilor 5","6");
INSERT INTO tblposition VALUES("12","Councilor 6","7");
INSERT INTO tblposition VALUES("13","Councilor 7","8");
INSERT INTO tblposition VALUES("14","SK Chairman","9");
INSERT INTO tblposition VALUES("15","Secretary","10");
INSERT INTO tblposition VALUES("16","Treasurer","11");



#
# Delete any existing table `tblprecinct`
#

DROP TABLE IF EXISTS `tblprecinct`;


#
# Table structure of table `tblprecinct`
#



CREATE TABLE `tblprecinct` (
  `id` int(11) NOT NULL AUTO_INCREMENT,
  `precinct` varchar(100) DEFAULT NULL,
  `details` text DEFAULT NULL,
  PRIMARY KEY (`id`)
) ENGINE=InnoDB DEFAULT CHARSET=utf8mb4;




#
# Delete any existing table `tblpurok`
#

DROP TABLE IF EXISTS `tblpurok`;


#
# Table structure of table `tblpurok`
#



CREATE TABLE `tblpurok` (
  `id` int(11) NOT NULL AUTO_INCREMENT,
  `name` varchar(255) DEFAULT NULL,
  `details` text DEFAULT NULL,
  PRIMARY KEY (`id`)
) ENGINE=InnoDB AUTO_INCREMENT=13 DEFAULT CHARSET=utf8mb4;

INSERT INTO tblpurok VALUES("1","Purok 1","Tikang Kanda Babon ngadto liwat kanda Babon");
INSERT INTO tblpurok VALUES("2","Purok 2","Amon ngadto ira");
INSERT INTO tblpurok VALUES("4","Purok 4","dsfdsf");
INSERT INTO tblpurok VALUES("5","Purok 5","rewrew");
INSERT INTO tblpurok VALUES("6","Purok 6","rewrewr");
INSERT INTO tblpurok VALUES("7","Purok 7","rew");
INSERT INTO tblpurok VALUES("8","Purok 8","rew");



#
# Delete any existing table `tblresident`
#

DROP TABLE IF EXISTS `tblresident`;


#
# Table structure of table `tblresident`
#



CREATE TABLE `tblresident` (
  `id` int(11) NOT NULL AUTO_INCREMENT,
  `national_id` varchar(100) DEFAULT NULL,
  `citizenship` varchar(50) DEFAULT NULL,
  `picture` text CHARACTER SET utf8mb4 DEFAULT NULL,
  `firstname` varchar(50) CHARACTER SET utf8mb4 DEFAULT NULL,
  `middlename` varchar(50) CHARACTER SET utf8mb4 DEFAULT NULL,
  `lastname` varchar(50) CHARACTER SET utf8mb4 DEFAULT NULL,
  `alias` varchar(20) CHARACTER SET utf8mb4 DEFAULT NULL,
  `birthplace` varchar(80) CHARACTER SET utf8mb4 DEFAULT NULL,
  `birthdate` date DEFAULT NULL,
  `age` int(11) DEFAULT NULL,
  `civilstatus` varchar(20) CHARACTER SET utf8mb4 DEFAULT NULL,
  `gender` varchar(20) CHARACTER SET utf8mb4 DEFAULT NULL,
  `purok` varchar(50) CHARACTER SET utf8mb4 DEFAULT NULL,
  `voterstatus` varchar(20) CHARACTER SET utf8mb4 DEFAULT NULL,
  `identified_as` varchar(30) CHARACTER SET utf8mb4 DEFAULT NULL,
  `phone` varchar(50) CHARACTER SET utf8mb4 DEFAULT NULL,
  `email` varchar(50) CHARACTER SET utf8mb4 DEFAULT NULL,
  `occupation` varchar(100) DEFAULT NULL,
  `address` text CHARACTER SET utf8mb4 DEFAULT NULL,
  `resident_type` int(11) DEFAULT 1,
  `remarks` text DEFAULT NULL,
  PRIMARY KEY (`id`)
) ENGINE=MyISAM AUTO_INCREMENT=184 DEFAULT CHARSET=latin1;

INSERT INTO tblresident VALUES("171","321321321","Filipino","18052021113447Screenshot2021-05-06183815.png","Ronil","Poe","Cajan","FPJ","Metro  Manila","2021-04-05","1","Single","Male","Purok 2","Yes","Unidentified","19512659595","cajanr02rtrt22@gmail.com","IT","310 W Las Colinas Blvd","1","dasds");
INSERT INTO tblresident VALUES("169","","Amazon","data:image/jpeg;base64,/9j/4AAQSkZJRgABAQAAAQABAAD/2wBDAAMCAgMCAgMDAwMEAwMEBQgFBQQEBQoHBwYIDAoMDAsKCwsNDhIQDQ4RDgsLEBYQERMUFRUVDA8XGBYUGBIUFRT/2wBDAQMEBAUEBQkFBQkUDQsNFBQUFBQUFBQUFBQUFBQUFBQUFBQUFBQUFBQUFBQUFBQUFBQUFBQUFBQUFBQUFBQUFBT/wAARCAD6AXIDASIAAhEBAxEB/8QAHAAAAgIDAQEAAAAAAAAAAAAABAUCAwABBgcI/8QAPhAAAgEDAwIFAgMGBgICAQUAAQIRAAMhBBIxBUEGEyJRYTJxFIGRByNSobHRFSRCweHwYnIz8RYXNEOSov/EABoBAAMBAQEBAAAAAAAAAAAAAAECAwQABQb/xAAzEQACAgEDAgMHBAICAwEAAAABAgARIQMSMSJBE1GBBDJhcZGh8LHB0eFS8RRCI1Ni4v/aAAwDAQACEQMRAD8A+FdNelWLja4OJxIqjUazzD9OTkqBwfmpLbCMCxBOQDORVSMvnS7MVKkbpAkfbvUdZtxBSs/b5kTQ97gO0PtpaVVnMDdAmKJtNbZ1BnafvxQelKveIIciPjNNLWy4lwsu3H+9BHZWG5t13+VKNbCwK9TNgKLptpJRew7n3px07y524IjJPY0vU27TAztMSIo3p54LFjOSAAAPvSq24k94hDKvn+/rGWrIOkbBaQNoigx+80Sf/wAYzI2zmidZL6baZUcgrQly3+4WWb0nAmtzLiyeo/G/6+0NBjZEJ0a7VwzEj3Hb7VdeMLM9jkjj8qp0rrhiPV9xIrNTdX1AEAxiT802nZvcIQSvGBBbjh7W0g/OD/agb4Z5O2J5Wri+8OFYCPq4qq8ot3C3A4iImu8MOAL48smLfSVr87fScf463JoAgHLAHBrkF1cWTYEwTgETmvQev6BepaU22ySJk+/b+leb3dJe0+sNpvSykD3kfFYnQE7pPbsN/npGupAXTZ3AbfpAoGyhO0KAJ4BkGjdYp8nJYTxQdvKkDaJMnvUVIXuftAzbrsSy1tVhgn5iqdXqbdu3tt79wOCBE1Tqb77So+xaINAqISZ3feqBRu5zELYxLTfFtEJBNw+o+9O9JqLOqtJtkNEFYrnLkBpEz/EeaK01xrF5HUxBBJjmqEAkXKFyoBMeatLem028FiZ7iKUnqdtSQFPbtMU1644vaBbiNIMfoa5rbuQ5jNdqAXZzOZ9+R+8a2upWwCPUoJ+qTiiLHUrKkFrjYzikKqWHpJC9gKntAUCJPNcTt90x1ZmayJ6D4Z0Ddetuy3DsUxjBNHarwvdS5+6vNvUQNxkVn7NlOn6SXIjzLkgd/aus8lzvbaSxaJn5qw0QELH9aMuiqcDE4m70jqMssFhEyDmq10+qtAb7TkEkfSYkV3iaW41zcfTtPb+1FXdOFNveoZCeCvFL4ZwQ1xdtYPaeeHSaxj6bDERO0Dmr1sasx/l2YmIMfyruNLpXuFiVGxdwX4qY042oV+oGTWkICQYVUnPaee6o3dNdA1Ft7RIwOKss6tF+kmIg4qv9onVynVrVnHoWTjkmlPTNS1/LEQQYEUFARywJvtJBiCdvM6K3q9sQ8KPmrbPWkW95aNDHhiOaUoUAAZDJMgRihba7+oW2wIMwODWrqCijnvIt1ncwnYafrLgbPNdATJkwJ/KvV/2LeLG6Xrbqm4VBjMxP5V4WSt7CvmeBxNdT4P1Oq0fUgU9aQZ9+a06RGtgNKjUIUWuJ9IftT8Zf4h4U1FoXGZiuAtfLmt1m5LjMpkCAa9F6/wBcuajpdy3cLqu2SD3ryp9UTebKkT/Kn1g+kdqmUOqGgWqu7TB3KTIMf1pVq3ctKscng0w1fIyCQcEUq1IhI2gAH2mvn2J35PJiUUYgis/neDDVNH1R+VR85lTDNP0gkdq1dMFjHmEHJgRNUsWKkSy/EYpNWz25+v6SRcFvjMvMVsw0hfcUI9wW7k7jEdwauZk8sg5I7YzVF5YcLESvY80pvhmMFNYyR6yJZSdwLZ5rQRXKxuCjGaiHJYqJIjueK2i7ixYx7RUyKETUtjzJ+STnY2fkVlblv4T/AP1rKS3jb/jPQvMa16phWPpk5j86haNs3QeLaiSY4oA3nslnYk4gQAaIt603XS3t2hjlj7VdyBtG6senqPOMwPui8nnyh9nUqNQWhlXmWPajE1hvsqhSqn6jiKThit4KkMIMndNM9PqgjoWIIHKmMGq6R6CTVev819oQ9jay16XGdmLpZGUsYMDiKM0Vy3buDc7QMZHMihNMzXrxYOArDIBj9aJebOrQMy5SMH/ijpttO6xtMG0A4EcNsu27Q3Ex39qpvoGViCCPaYn5qq5ef8OoVRsHGAKru32ZeJZcQSP+mtCkLuKyu4gkNwIRYvqgb0tMQCoqWpvJbG45IXIOYobTF0gbjkgmR/KKn1Ik2mVuw4AycYqb7dpNn63/AKnaQsnEAGqDXN0kz6oMCtau6jOzcg8cVQgW3b3egGODzULqhXILLn271Jbvn7ybkr7o5gmvugooGCPtn8q5TqKWtxuEBjxERFdR1AMV3Ak4jA9q53XsUtg4g5z2NLqFG2g8wMzOa4irUsFtnJx7UOlwBsTH+1EaxmuWgNo5mcZoZrjbHY5GIqTXfEmSDxj5xVqXBcld0k9hWpAVpED4rJM7gAFqKs+5hCx7mqjq7xGBvEjcxE5q1HxkAfzmq23jMhfyqdmUXB5NOpr3hmObPMa3Li3OhKDMIwX2pS6godoOD7yKO8x00FxDBG8HNBh2ZCABE0rFrxmAg95WhRezAfIqw7BBmB71FQ24DAX4OTWyG2jCgDI9qJIAlgFJxPXvCxtWfDOkuIQ2I/ORXVWgbrKwU7GiduQTXnfhHrzP0pNKAiW7TBTB9RJ716d0S4LulWOdsiOa2pqDKmX03APuzYtrbv8AAUtwdtWXLJa3bksQrCZ7VLUpuvWDAg+kA4NGXj/lbaBhc9YwMmnDMVyahJYj5xTpFCJf3CPVxEzVKBbtgLB3LJiP5UXp1dW1fqAAYkA/aqtn4ewHAWdvM4mu03rA7zStaaZ7zxrxy/meItQc7RHHY0D0bUsbmxgRiQa34s1I1HiDV3EYZaBtNC9Idl1IBaSKwjVtyxE83cdxE6IX4YQwMnE5GKywyLfDEFmAIA/Ost3HJC8AZgx71VY3XQrs0bHPPE1o8QAUe/5zK6iFqI5lzacNeDW2KCfURxXXeCtc9i6phWAMEkCa5IXSUZd5UkT2p94a1L6W6sfTk4iuGvsWwMj4xtKnYV258v7nb+Ler210frUqCsERXleqay1w7dw3cgESK7XrusOrsjeZMHJrzzWWW3vtYoefgUg9o1GUFjX3ja2mFex3ll83URYh0HY0tfWKW9QZAcZqx7mpsrDjzFOZ/vQNy/uUnCdopPGVmsDj0mQLZ5+ok/MTYsNn2jvWnu+YrAkgDJJMf9/KoMEYSCBMcCqbwuKIRxIPLVBgG1LY5Pe45Uk5H0kbjBADJI+IzVN28MOASRgg8/yqq/curaUtIDEiYmaqL3LkLiOAo5BrmG4WxuoNQ9VXiEm7gAKB8jmtJdVCwO4z7cVBFcTIggZ3Gq9zEQGHE1PFVJkNZxL/ADR/Cn6VlVjTkid//wDmspLTygoTuGL37xRQNoyDHNSRWa6CylUXkj+lXnVG24ALEE8sJJ+1CNfe0twSQT6oGZp2JDHt+806jLlWMu3paeUlRtMCrun6gQ5dobOBMc0sVroMNuKkZnt80x0jNuAWe+GzimQlQNr3EVSygiOunXjaRgGBgfmKbWb63EbfiFneAc0jtfurQZlaSOSf+KYaZhY0wtKQQ+Z4NNvIBAOYy7QevmGWNS2wl3xwG96L0jOzFm+lBE0kuC49uGYQGEKDEinWjgW4gkRk+9U37RtYx1yQVMKS4EuGFxMzUNeWO4zmPetW7ouuVEbZP5e1U64lnJLnbHE02mb0284g2gntA0ggAyGj9RQWpuxclt0D00WVdjwdh9xFBtbK6gxuI7GoszhLY38IpONpOJTqb4KHBgYmP5Uh12FcwdkZinutusQeZ9jxSDVOdjD1gQcAUtZ2gUYoO0GxFGquQAvb+IDNBao+VYJDTjIozUKZE894E0LrCx0xIA3SIMcYzQZiTj4SdjbmrigEEQSV94rFuxgMQAeCK0CysCRuBPxUgXKgj7RFNu7QAHvNtJEYP5VhYrtG0e81tQdskRWzchgCJHH2qhLKRnMIyLJk/ML22UCQYkGstt6B2Bqu48LyCZ7CtG4SqqDEGT7UNR9xwZzndgDM2tze5xEVhcldsmRxWtpU+5OaiDtIkZjtQoVUuN7YIxHPhksepIstBUyAa9r8LXmGmy369prw/wAOXtnVbKgZJIMH3Fe2+GWM21DKwdNpI7EVXRtTmUQkcCdH1BQ2ms3NsQ47Vp7QNlBJncJCmi9Yk9I3YAEHOe9Vom9F4KzMjvVRS7vhLMbI8ov0q+ZdvGSY5xS3W3/w9q/9QRLZJJx7080thg2q3qSNxP5RXO+J7rp0zXkCQtorIGcCuVVZAD9YzkbTtng+qvl9XcJJMmfer+j3WTUxJgiKBuZYsAY94o7obkasYn8qyqgIOZ520k0vM6bTqbtzYCN57/FL+mFl89HaXW6T/aifMu2pvqdhU4g95NVaFdRqNTevvbAVzCqsZ+a0LR6SZc+XeWtdVGWIIB+00botQyMdhIkxjEULqR5Zj6TOB7/fGKlYFxjKiTBEAQPziqaaLqsBfM46gQAxvqNa7QpnA49xSDUa1NRfa2sD4PxTnqnR9d0DUDT6wqty5aS6McBhIpT1Dpv4XpnTdWBD6gOxYnmGjFX9p9kC7ipqp2prDVAoZgjseRAIExnFC31F5B6STyxgUTcuORIMd4bNC3bkqDuk/wAI714rODjmopBvnj4QNrYQsBgnNDM90rAO5vmr7gdgCTicSOagSrbS6krPvT11kniI5s4NSJVm0p3ElO33+Kru6VrM3LY2m2RK9+OaYaO22pu21AhA0kdv0plb6c2o6h1GwwgjSFwI/hz/AHrRa+DY5kVZrAOZz2lvfizcUsUYiRPBqBVkZvSGUcGeahcT8JqkIlkMEGOfenej0wvHVacIdzJKGDz8VlPJEuSioGAiHcx/1gfG41lUm7cUkHBGD6RWVcaLQ+Gn+X2H8z0XU6pTtYMQqnCHtQ2nKveVlJ9Myx7VWzHaxKgwJGO9Ss7t6ww2nnHesxZWIB5EXVZioU4uXXWyzLIDeox2q/pi77pmAsYX/oqooWgg5Ck8HmrLIC5Ebo7UFNk3WJRQWUKTHNuFRluSx/0iMVdoSH3SYVRIzEULaJxIG4jlV4qdt3tZBhSI4k1TlgxwDJAPZVbr0hqXVa4m1gD74kU1tMtlNqzBE5PNIFI8xPT+kz/tTQ3tmn3buOJXitivuo4zn7HiMtJjvM/E+XqXBBg95ioXtYrqcGDjmg3uh7yszgSfbmoXGVrhIJ2weBWIOTZr6/z3MmoLG4Rp9QrA72KgdweaHXXhtVcXkHIM0OrKFPpnMRFLtU+y4WBAI7wc1wcM1MK/PnODgCvnGeodb4JGG7r/AM0m1NwOpEHmTmtvriGJPccAfFC3tWLwgrBP5RWq1JLbvnOcEHJyIFqm9SyGP8qF1bltJcnM8AdquvrDmJgZqFqGYKSY+Vms/TwD/UBcVkznkBN36SDPtRAtOV9IIByAaY6dFu9SuFFHoH2p9Z0qhEH1H7c/FMCpM5Rusg4nJLp7m4Dy29hAo8dE1XktcFoiBxya6RNON0kADnI4ouxZZQSB6Yz70x1aArj94wXNieeXFe2+11IIxB5rCRH0mJp94uRLV+0UUAmZ/vSE5x2NI17sztp3yLHyxIwSe0GtO6kCSZ+1Yp9RByfbNQuSo7c8RToB3hLXxGfQri2+qactg7hnAr2Tw9duWblreNoneIPY98V4j09wupssYMODBEHmvXOk3L9vqemk/ub6Mi/+JGaYahXU2zRpqdvM9Wtr+J6KSRnYSI4qrSgXtMhJAJ4AOOKs8NMdX0ocSVI+1b6aIshRJgkcVYFVBo3NHuiwblGlRrf4lyGJ3mPbgVynjy+NJ0PqDEZa2ZNdpfXy0udlY5E15r+1TWC10HUAEqWZUGOf+xTbsELUg2BPErjMoYkkTk0x6HcH44BQxAA+1LnliJM+00w8PL/nyAZEe2eayKeCMmZtMFc9p0F02rtvZcwrPtECDk0Ze6Xft6+3+GgW0GC559sUFrE/zOnQna2+IIxXTOgt3yJAA96YuABZx3mi+nd3lHRPBdzrPV7KazW3P3tyCbKCRXoP/wCiF3T2g+n190EeoPctTMZzFc30TUtZ6lpzbdQ+6AWxBrq/EX7Rdb4X6dYtpe80MILNkn9aqmqqdR9KnDS/8RxUC8Z+AvEPifqX4pr2muXVspaAINuQqxNcJ4g8C9f02k6dp205unTqw2q4iSxOKj43/aZ1Lruosqmo227ay23gmMzWeDf2i9R05t6dlTUIuALwECecmi3te8OK9/n4fLAkV0tNiFGDOa1XTer6VCL/AEzUooyWCHNLLyPbh7iPaVjILKR+tfQXXP2g6fU6FrVzpunsbbW3z7LSSft3rgdZ4m0j6bzbmmtPbZobzAGO33HzWQUDY4+82HQAG6/WeZmRAZjtPH/FV3VY3AUX0j5x+ld3fPQNfor1621tLwBKIEIiuKuqouGGLg5JiJrhqWDXNzDqocKDZMYdH3KQQPSJME80ZY1Z0/jDRlm9F5fKMnJBBH+5qvpNhbenLkmO0e1Lev6g2ep6a4mChESM+9etqEf8ZVIGMzJpOV1xM8S6BdIAoU77V1rbEjtODV3SNTvvWGJ2tctwB8inXje2uq0Tam0Bct3US6WAODGa4nQ6v8PdssCSyPIHx7V442sb/UT0tUFS11nNTrW8N6S6xeGG47ole9ZSxr2susXDhQxkCeKyq2n/ALD9P/1M/h6f+JjR2LFtwI3H371dpQEMqScH0hsE1TctiS6mADjmpSVVXO2BnE1m8YE7bqPqLYvuITaJgiPS2ZJGIq/SsHV/W0yMD75NK4uM0oRsIkQDzTLSOvmBQRtIhjEZp3G47R38vyowBVaAjXz5MBm47nms0ZfeJO31SF9xWltm5lLimD2HH3q23bNtlckBx3rgrJSqcfECTzybl6DyrzushFzB7n4osub2laQUxge9VOPMthpMvywH+1ZfVQotkhJEZkj9KoSiEUf2nbKJqC7NlwAjCnkkVjOCSgwYyTjmq9SoW4AWAMjiYOMVnlbgwMmB7TUx3JPNf6ibyCKFSgsCQQW+qeeKXai8A+W3YkAZxRl0lgQrggdtsRQL2gbigiPuDSZrbAx20SJVdbYpHMiQW4+1Am4C/wDC3eKZPpyilCygA9xSvUWRMhonkxTqVVjurPwnZNlhRMhqLgZgTJ+astqFG7IJxIqFkMzEEiAD/poi2oukAkyfYc0b71A1brX+pq1Zt8i3BMAkd6aaPTtatZUkEzAPFBWFhhOecFcGmVk4I3BRERBxT6YBbOPKUsciXbFuqCVgz78VeohAR3MZ96p2zEjt3HasW8FEbxDAc11hhY5udTUJy3jG7u1dssIaK51nAQ927TTrxf69bbKngGQPvSMoSrH2NBqOTzG6zkzFYCRUSzLxLz/Ktou5ySR+QqLAHAb44zVUYLzmccSy1eKPu2yRXrnStQz9I0OpknybytIPCtivIVUSVBMqZ47V6X4bvNc8LOgbG2D8lSDUzQIbyjcDme0+D74OjK5gOyle3PNFaFSj3FgkSTHvSbwZqF1Gkusjf6twjOCKcWWKpvUid2SK0+JaA1dzTu3IQT/UlrHW2jMQRA3HM14p+1zqSjS6bRqSWLlyWxjt/WvYesXCthlSB5mAe4r58/adq0v+ITbDStlFUj2MZFNqum3aO8m6gC+ZxzEliPjtTnwzD60DH05mkrGHwZBHtTjw1C6tjO0xGTzWUEKLORM21rsTrdBbtXeqWA+54YkEmKD8U+JP8P1FyzZxd7k9v7VM6v8AAsdV9flISoGTOf7iuB1mouajUXbtyd9xpJI5oLtJocSzOQKPeNdJ1q8Lwv3L13eDIO7vVus8SavqJCX79y4qn0y3H5UiDfuwpyScQM1JW8kwe45HNAjGYgY1UOuaphgZB7TUBrriKRaOw8yDQe4zgkzWnglmkMD34pQgEIahaioxt9Z1IIa5dc9iCcVO5q11tpZvlGGBbgRSgKzZHFaWVMkxmj4Yu5xZqyMQu7usuIOZ7GmNu/YvaRfMGy4n1XA2D7YpHG4j1c1h9p/UUdpxmqiXnm53tjavTlKxu7xXL+ImjUqOcTzU+kdVK7bF5x5cyvwap6+UuaoENPp5AxFelqaobSAExrp1rm4z0l27rfDd4XL+LY2hT2Fc3YMX0zwRxTTp6236RqULeoNMUmIYcZj2rzEA6hc2OSwBh92xd8x4ZYk96yoC3qWE+YM5rK6pO3852fmEXGWARMGDxW/PFv0tklok9qHtLbvlmG2TJkcxUmsAWlLKSFyDAx96zNplTRFG/QmasA23Ms3KjBlX0oCCScUVYuhQQQYI5J/pS5kDD1KGX44otFGAo+STiKZBeCf1iAm9pzH2jvFVgnDAGRzFELqR5G4qXxyKX6eNgLABu0DtVocEbIO74FVbbp01zPvIxWOI309xBaQkBtqzHxTPT6U3wtxkEERM0t0tlb62wM7V7DvTpIS2u1NygYET/wB/4riS3vDnyllINi8RJ1OwbesChd0cCePmhk+gnBxMTTTqNiNaLxUNbjgYnNJzsK+kSDj7RTgbG+Unu6dhi/UsQzEAmRxVNlJ1Sk+oe54onq+g8m8qiWLKOIj86xAqXcRvGMRFQJJHXn7TgRwDgyvVWgGZjLHvHFKdWhRZCnic091KhlIVe+RzSXVqptqSR6RtzTgNvKKPvDtqgTkwVB5mQBgmY7mrv/iaVEn7zQ9mCpg9/eKvCCJ2gknjiqEtpZPEnYJIEIstvwV2/BxRN3WlbRG8jgjNB2SrjfgR3FZci8xUID9/60gDr1cmcuLFXLD1G5dBQCFPLLUE1LIFEE5iZ7U56H4T1nWGCaRFuvuCFWIGT96h4q8M67w5qF0+v062bpO0AEESKo66jLuOLhDG+qcb4ruzrbBAJG0yD2pKbkIePfmmXiVv8zbgD6Y5+aTtxFAC6uU55lqqV/Otlhw2J4zVdsDPP3nFSYDaO0k5NOwIEoMnaZu3G5cRPOa7zwDqlu6a7pbhMA7ufeuCRd+FyO5px4Y1o6f1W00wrGDNA2crOWsAz3X9n2o8jztIwIa0dozOMxXYC5tsMIJIPIMVw/hkN/iReMXbYkzyR7V2Odv0ndPIptNtwFc9vlLkk2LwYm8T9UGn6c90yBZttcJJmIr5t6nq312suXrktcdiWPvXsH7UusnQdLuadZFzUEoT2gV4vccFxuxSEHkSTlSa4keW4z2FOfDAnWErjHvSYj1wOY57U28Otte4/AFCsWZAHNDvDuvFl0AgECATtPauWuNuII4PzNdxf0iarp2rd8+XaB57zg1whUBjILfagnBBHEtrYqaBI4/WtlXDKQJn3qRIVcCsYhgMjHbvVSxx5RQw27jJWZgqygZ5JoxdMrDj8qDtLvuDkR35pnp7o2lYJB+ahqMe0toqt7pG3pkCiRMfyrT2FuAqUBJ/hFMNPZDiCNvcS3NX/hFKyBn781lOrRnoLpKAe9+U599CoQ7fSfvQro1ufaYroXt7A6m0YHel16y3lxsg9zMCrpq2aMyNoqpisuVMgCRV1+/+IUMYUxk1QRyazlTWo5mAgAxh0u4sXbbCQ0Rn5oK6vrYcQaI6Td26sDbunEVRq2B1l6BALk1Me8RGaitCFrqWCgbhxWUDWV1Q70nY9Eul9B2DISPafamNrTlrALZ3E/UMTSPpm7T67U6YNgPPtNdMbRW0rAyCPq3Y470hIDAGsccD+Yct1ViVppt2meVAuBeVihmV9yyGJ4knmjQfLtKiGSRuFAXw6wWJBAG3PFIHJYA8/D+Z24nFH6xlpw4LKJVSMDmjNNbubFcnaZK0uViUD5k8wcU00lq5c06lbkRPPapnaVpm54EQg8kcZ+cc6C61tlkD1QOM/enyFiFO+GVsAZmkGl07KqOWbAHAyc050zh7bBv9IkA9q1q261+nH8SpZduf3ktcrXFMfUMnbEGuf0tlzrFRl/dyWOBTrqQCWCUZeBilfSANTqLjknaqxx3oW28gtIabUaqDdVQtqrTgMBExH0/alrs5cuDkninfU23MQWk/THakt5A1xjMse0UNRukbWv0/nt94hULxxNXrcofikmqLF5htvHODTog+Xc+3AOaS3rcBhuZffJ/vRezVmWvFbYH5m2T9U/PPzV6ksGVhK4k0EQjE7mPEiitOWBWYGe9TJKAWRM5LAy+3ZBtGeVOYrdqTEqEAzPetEyjEHjuRQzboGZ+K5nQvQyPKObWz5z1j9m1y4mlvkOcOCAB8UD+1u8+p1HTj3ClpnkzXJdD8WdS6EI0rhPUGJKzW/EXXtX4j1Vm/q7is6zACxz3x816LOnghBzAiEMCBOI8So41dsFSCEHelbelD6+fim/XU8/XgtJIWJOKVtaUEwW5HFZGKsbHEcdVkSP8A68VhLBgCcVd+GBYgtAHuKibCjj+XemGbJNxjYOZWJnkjNW22cXkZTkcEc1Dy0UiQY+BVht7SDg8GOaSzfRAwrE9I8H+MB51nduDp6YnkfFerW+qW9VpBettiTK957141+zTodrqXWDf1SebatYW32J7mvUur9NsdM0W7SXXtrcJDLPH2pUBVQV7S+kdygGeKeN+q3Oq9e1Lm4XtK5VB7CudvbiQd2Pauj8ZeHL3RdYt625v6e6SQ/sfY1zV23vYEH7mhZB5kWG003eQMj3bEwBTvoKFkubSZjgmKReYCI4nGaf8AQoCXB6gfaPimJwYFVbzGnUb76bpOpRTsNy2q/l3muJLFGJmD7V6C+hTU9N1SMJcqqpHM1x+u6E+kVzu3Ac44pV1FAAJmkq7KXVcRbAIkt+QFaX1NC5asJPAJmmGis72UwfzqjOFBIkgniAVIaTT3LjAtwBMHFNLe5w07lI7ZqAtEuPUzAZmo7xacw7mMD0nisLMX45np6WmNFgSKB+UOsDyZIJJgz+tEi81wLKttOJAoXSX0J33ZQEYkU502n0eqsBUuhmOYFZnJBNmeilBiFNCKtTuYbgYkZU4pdfU7TkiR34HvTu/oBbfapwfcGleo0oVXEYOBHau03BMnrowPGfSc9qUliZke8VSRReuAVlMt7QRgUJwMGvXU2BPAei13CulXGt620VmRxI5qGuO7WXjydxMxE1PS2rgcOgYAeqeKqu3Va9cMly/JNKK3XJ2SLlYiPq/lWVlZVdxk9h/KnWaxE0fXNOxIIuCNwU+9dI6qumjcu2DIYYifaub67YYWVvRBtvM0y0+pF/Tpc43LMbo/Ss+qApDLg97lSXUAcwy1bDWiR949qrvWhteYPpBmIA+K0i70eRACkkGealcJKySJIggnj4o9RAqcSSN3eT0jHaUhWUfnTvTr5YCkkfwiO9cxZm3cK8eqc11ekJcorwMSGBobSBZFD1mcFX5GY2kfhxDBgqjO3Joq0fQ7YHAURQaqibzAmBEtVyEleRAFakYLyB8OblRk13lusUNpwBDMY7cUt6DKvqC+FWcUTduwS4QF4gk8cUu6UzJavhvSWMg7s0hI3GxzFL2LscS7qCG6hO5YGcUsUqWuN6SZ75oy/wCmy0cj3PNLVIJO0QhPvSMV3cf3ENgUDIMS63TjBMAClusSLJwJIyeaN3bbd4AkkNHPzS7Vv+6IJI7zXAn6RAGA5i+yCOOOeIoi08kMMjnK0EJLnkx2BxFXWQIJUHOBmuFA/GcVzVw22CwkuoEe01gtcGZkjJFDqwVCrcTOOasVmZY7Dg96CgF7Iz2jD5S6UYwxx7RzUlsk3re0woxmo2WDMDBaOSxogKBlUDMM4PNFrI4zKqTYIM5fxGZ1xAcYA7YpW14hCAViaZdeQXdQx2w4A70qa2uwgwPtzNO4VRUKqpF8zLV5QZZo9sVeHRieGkzPFCbQx3AhiBJlqwMS0iDPBrrBN9pxF4MMUmcQc4A/2raKC4E7T3mqA5bEDGJmrBtjPJ9jQwWxHvdeZ6V4Gf8AwrpyX52KSzFh7U71njK1qwTeup5YjYvt+Vc7p9To9L4bXT39SmluhAyi4csIFIek+X1W9eKGWsLuCyPVS6x6QsGm+yqnYdW1Wl1vTblq4p8m6pJaMowzIryW7cG/BAg4xzXovVbovdDYs24bTLDkCOK88ZFJ2qCfk/lSowogD/Urq3yamtPa36kEKI5IHaMmnHQ2D27pDAbmMGOKVaTWfg/P2ek3E8sknseaa9FVfw8jcMyTNEgsLPEiprJE6rRts073AAQCSvecUD1NAOj7zZDMzbif4fvRukdU0DDbBPEUq6jeZ7DacetSMjdx7RWTXUK4cCezo6p8IpOPu7F1DbDInimuhi2yqVBMHPNLHt77xUqQQeD/AHppp0lsTu9uarq0VmPQB3GjG9qxaIlrgXuIXig7+oe1eCpaQzgMw7UdpdOLqwBmO9Mz0q26jzgbRj0v2rBdMNwuez4Z1PdMQX+qXLds2rlm3vEgqonEnNQ0doXLqsoFvcZxR+s6aDcB3hhwSO9BMha8DuMKICg+1Pa8LjzmRtLUGp1EUDGWu1p0loKxbHzmuf1Wtu3FJ3KFJiTg0fqtQha3LbjAxOaA1yHVEEptAEcxNNpBVORD7Vqs/SpijWu7EBysniKptsquJ45zV2uSLkAkQO5oTyz3Ir01rbieM5O7M6G/1mxd01u0qopVfqAikPmAuY/WpQKpiXIGM0FUKKEUsWl2+sqkgg81lGolCeg6zTNf0rISDIIiKX9Aug2Xtsx32iYx/wB705Zi1zBIE8Ec0jQnR9b2BtqXQOCP+81NixJDR2I3VHYuLA3XCQcTHP3NTZiVIBCqoxjiqdK+1nHrKqDJAEVeXNy0+GiJ2xJoqpYHd5SVkj884FaUJrTL7lbMe9dVp3Fu2hwRyccfFc7bmzqFaGWRIkA0+0jytr6w38M02mSoGeO0II5YxmmokN/6jJFEK4NnbugzzFAooQvO5pg/lUzqDKyMDM8fatAXZTLFQo7F2hFssbFwyCInPY/nQehukFmYhjx9qJFwPbIIMnjPNVWLgAYmCBE1FrbrXk8wqu1gt9pRrCGskSASeZpXZvwzDED3maK6kwCtsHace9CW7+07gpCxkTxXf9qOP1igFhgwcXIL5HPMc4pfqry7WWRtiJjNHm6QGjjkt/0Ur1DEs+4xnB5n44pbY88/OAirxBkdi842GRI71ZacWxJ9I4n70O7y5Bxj4zVttyWHp44X5o3i2ENbjYl2dpAcsQeKskyE3CPeqrLnaSAZngxVtq5LEGYBjAodQJWdjdk49ZZZubH2cg+1HW2AB9QBj86X2WPmCCAO00YLoDtOABz80UsjdcYAFqXicn1u7/mztOCAYFLGlw0nv3pl1V9usKzmBAoG5eg7eQOZorp0QDmXFDPaUXPVMGG4Psa2xgA7jmsJmefyrJgmJGfvVRd0sXgG5KydwY5/vWOQvDEferxc2gdl+1DFy5afv70rBgYThcDmX6nWPq7iXLj7iqhQfgAD/aiugdRTpnU7d64zC1wxTkiljGV3A89q3MjnNd2zJjAFR71XxM9/T3NLYXZp95ZZyx9s0iFyTO47j2NYWO3OaqJGMGphSOIxa+TLsGTIJ9u1dB0UltEDIHq74rn1aRkfyrpOlv5eit4aOcV1mqr0gUDgxu11US0rXNq/wj+9CXNEd9y8zBUHv2FXXNRvWwDJIUTIFW3Nt3Q6lATlNoMcGk1FO3ap+fwmtNRUa8TkA3+YO0yhP1UfpSRdmZPYgUFp2iATB+BR2nU+buUszRExUHz0yyURuAxH3TGFq+CeSIn4+1djqWs9Q6Nbti1N1BhgBxXHaAb3Bk7gJg8iuu6Zf22CCYMd4mvN8QoavM9/QQlK5/ac3c0i6W1du3bgESeM1zJF7qF8lEIRW5Fdt1xEv2LlsDbI9vmkaPZ0lso1xpPEY7VUNsvuZPV0t7DPEGbw7cs6YXrgAnjM/wAqGGnm2VLAZMEDIop9aNxti61wEjOBNZqXVQQASoGOKnue+qZ2GmLYG5yfUoF+A0iKCZSTg0Vq7vmXnMznjiqWQASpJ9wa9pLCieCxDsWlIVz3I/OsX0tJq0EnkRVRBLGPemGZC7k9y+1ZUfKf/prKNR9jeU9EVGUkn0ySBiaT9dW5bNrUoCBbYDjtXQAW2vNc9YHcAjH86C1Fj8UuotkQrAwS3EDFLtYEE8nzFfvEYkAkTWlum4gKjDqQGVIq9WulGWTMZIHNJ+jX/MsG24/+MkEzmmtu4jbT6gvGCTNTYDYQ9D0/eEAhqFydn1kkIQIieab6Qk2lWCpGQYzSnR3vKY7sAjse8+1OtHqE8kPzPsaVE8Mbgb+ERhkgen5ULsXAZ9RHp7/0rGbcrbfgCTQdi5LEbZERMx/WrphjO0ey75JrRply1fSNtVcy+5qPLUicxj4qNjUxaJZQCT3j24oLeGZSVgFsmck1d6EsXCCJJiN1dp2pog2YKJIs4MC6nqHuGAVAn6RiaoCsAAqkfNEahUcbiAW+Wj+dVWSAWxE8Q1cu42CPSzJkKFvmC6jdDkrg9xiaX6hz5bScnE0fdLK9wMm5ckZpdcBAkyF/hB7UrEqRsEZhu4xFwk3DuEn2ImiUIYAlMHBEVQwVrjEYg/xVfaMLgx8k0GzyYptTUuslifYDMe9Wm9tkARnmh1vATIB/OtSRJJ+cmaAJBYQbbxLN7MyhVPP8qutsyM4b6TEqT3qmw/qBGSBxRNs5ZhhiMiZiqabELz+fSOB2Hac91hlGpJAk/rS4uTJiDMimPUrQu6lnAPbIagTaMN6c9pNCgGzLEUc4g8kBiRmpLuBXBE+9WCxLncIURGavOmUqTuLEcCqk7RZ4ir1GgZQ912XYcgewqoArwO+au2BQsYJwYNRZdh5qYwaEcntK2gLCzPzWAHkVIKDJHbtNYskDA/XNGyTEAoYkJkDuR7VkxUwihgD7+9WWtL5hyYE4APNDcO84JcoA9WAWBrpNEPL0CAsRiQOKWW+mq+4+ZsC4iczVqaq9pkIuNuVR6anzxOOOY31upOnt2rswCQDIzH2oW71+7qCw0lsW02+t3EzSi/rrmpXawILczOaqRyqMowpOSTRINZj7uQe8uQlTEY3cGDTHQ3/WAuDmIoK2JCynOZBqaEWLgYGfiaiwtRNaIQQs6fSvscSSBwTRza5rKFhJ/KRXP6bXo+ZKkiOeaPe4PIKkncO815mqgsCrnt6eodu0Ga1nV3ZdzsoJHBpWNUrOSiBjghnPFHXdJbv21IglfciaoCpY3qbUsMfarKBVEZmYjUdhfB9YBqLksFC7M8mrV8/UWPLtKz3TgKOSBWr7o5JddoHIBzQWn6qbGvs3LZICngntWhUsURxM+q4V9oOPOC6nS3bBYXbTW2HO4VSUYofgV2l3q9nV6eL9olSfilGu0OmvITZx7QaoNYEAcTK+kVOG9O/6TnHDDitpbDDjNWXkNtjNYh2tiQT7VfkYmNlNTPKcf6f5VlX+Qv8ACv61lJvi7z/lO7a6wNtiQoJgFEH5zUbwlnXdtI7wBWxe3rIYtJMY49pqF1BcMvdIJxJIn7RVmveGZgOb4/iTYGgS3PaJrbnRdXe2rQt5e2Ka2r+y+U5kcEDFJ+uAWtRp76mACVJIpit2Lw23IBESwBiqMikFWOJZWLC+4hCXYvFi3BgemmOkvi3ZVW4n24pMQBdA8yGUyAcn+VMLZOxVMtzOBFZN5RtwINyDUDTd4z0uoENnMCFgGfepfiCVyDuQnaMYoK3qFtJJhpEYxFSXULfld5JA5xWsDJ3CcSQAO0uLCULLuYdsYNZ59xVKlsbZg1XabMbjE4g1BgAz+osDiSPvSB3qlxFU7gATJvdZl5kg4IAiqrd5hcZiRtDQFA/Wt8LAYjifg0OtzbfOce+2lzYURaxzIaq8WLENk42n3oG5cm2S7mRgip6qC1yTxkDHNCugKhgSD3iibLbmMtYADEZghcoWgwDJmOKkb231Zg99tU3CGBm4YJ9xUiykDc5j2oBbNjIEk98jiTtv6WWctkVYlwwRu+IAFDi4isSM/cVsPuxMCO4mi3LBeJy4scQrTOVfOPmRRT3iJm4SSMYpfaPrEEkj3GKMkEZYiRgxNMlmjwIQwNXBHXzB9WSfpiofh02b8EE8EcVIMwJOJnkVhdgshjMcHiubduJHM52owd7Fte8z7/8A1VflKJIfbOauulmJO6B2ETVFxmZQ0T8kUub4zK0VkAikYXM88VptOWIjYfbdVg5PqO0HEAe1Vn0tIaSabcRzz9oeRKWVlY4kfzqWm096+6paG4k4gUXp9OL9xrjsImDNdD0xLWmCpaAUAkz71NmKra5ldLT8Za8oFpPBmo1YDG7tuNgLtwD96TdT6ZqelX/J1ClWXj5Fej6TqC2gGEzM/FKPGVs9Z0YvETdsiQw9qlp6g9w8z0NTQA0947TjBqDf0rruhhmhruouRBuE9vitWnCOpicRAFRuKFQZzJMVbijPKUWpm2YkgyTj7VsICvIwc/NRYqIEzIxAq3SA7mtSOQadlCixKEruB7w3T5tJtJLRERUntsDt2lSPj/ip6HAUHjuImj71lbYDAyxnEViLrheJ6dWu5TEnmNp7gJuArMjtFMNH1dCCjnJMA1XeTAwT8DmtL021dYutyAOe0UWCH3vrI6YdGtZ0Gn1dgLBZgD7UNruopJCMFWRMDmkyWmRvTfZonMfNA63UOlwolycc1BdHqsGaX9oZcAVUu6lrfNcqpEd6XMZ9XA7VsCWEtJHua2UVi2ftFblXbPLLs7EiNtx2Bg0EqPtWiLqCFG5DyKs0Lg6JCxPEe4FTuGVYKSR7kxWI4NET0LVsnvFWqLXO8kc0MDJBOCKY6khZAOY4oBQGNalOOJ52oNpuT3/J/SsqUqP/ALrK6/hL7V8p2QuKwErDBtxIP+1Re+imSQ88Y/7igl1X4QsCDk5xB+Ki1xrr5SVJ5B5rSxogkfnxmElWFY+sr66qXNMjqAGVwZ7Cmgso+nskQbjAEwBSbW3FOmujMESJpt07UF9OjjsgNJeN74P2nabEKAkqullugAT2P60ZZO1fU3eINUXFLB7ozPH5VFXZbYN0QpzjvUmNsUX8+XygK7j18w5lCk+sEkc+1Yv7tMQBIz/vVdog2XAAU8nExUUuQ0HhuK1FrO4wFS7Gu0Otubl/JB+/ats2SmARnHeh7UqYCkiYB96y837ycA+3/ftUgjo3wi2tsJeR+7EGQCC00G4CuZbdjj3qJ1EkmDI4j+1RuXEa4w3bm/2oAXR5z8oAQV24g72xuJGGGM0DcuG2HDAD2I4ou6RbubdhAPJHNLtbdLWX5OJk1xFHPHaMuwYOIHc1KDeABHxBq0EuBtHopbwT81davlSuCEPANKOkRrxmHo0pwAR371gj0gkDPMZqGnv23IVVyOxqxn9MiMYilzuNCKAt8SVv0uGUzmiid4mZP86BtAohMg5nFWHUev6Sc81ZgQBHoe9LBi3J496017aCZAj5iqhfVtxMwDJFbF9Wn5IAJpW6noGC93JliMrEw0e5iosNi5gD3ArFXapgQePv81JjiNu48ZosG7Gv6hAU5uQADktG1cj/AJqq6iqQQcTk1ciFYkR3M1XHnX8TApCbtT2lUA3CX2Le6NvB5HamWltvtC7ZHFDaa0SgXke9OtFYOxRG7NYXYtgCeoigACatAyFLR7cUamnW9bZCeVIPGakunwJVty8we1G2UYNAXMYJ9qXaSbSbQBW3vPLNbZOm1z2wSCHiarvWzySCZpt4jti34gv/APk3+1LroleDtmt48zPnm6WKmVFIiCu7sImo23KXgwjnNEFVmIhv6VReUIQQMNRzwYWAqxHltZVXQDafajrTpdENBPGORS7oGsR0bS3WCEn0N/tTEWGs3oEkd/8AmsOqvYj5T0tJrRe0jd0yeYxUg9gaEuWwsjeB3xRzWtrYQLMwTmqDYbaYyOT7VIV5ypIYdIgTFUsEnBjt96R3oe8xAnNO+ov+G08LHmPiJHFJFBfcwwB8Vv0hY3dpj1zkBuRNH6lNWpAM4zWJZ3opzM0QyhBDGTzFOzUaMmve4Voj/keylSc+9EeWoXcdoxPIoTQuRYcRtIbI+9F+XbQMWEGJwOTWTUweqagdovvAb6Iiqd3IPIiaXOIYgHE05vx5cECIweYoPS9Ov6wk21XB7mraTGZtUbqbvA8/x/zrKdDwvqSJ9P6D+9ZVJKn/AMTDNo1D7i4E42nAqwaeOJ+wxist2y14sZDk98xmjBZc+oZB4k1ZtMgMDWPzymTVGMCJtWn7u9t7KcGr+jX2/DIshhtjIyKOu9Mv37d+5btu6ohLFRgClXRAV3jMpwD3pxp4px9a+3+4f/q6jG65l9pUnsAMxVVq6blvYTxiavgksfoEYJM5qmwsSscmSZkVAjYaA+/+xFF1QvzhVsjyvVBYY+1Ss72YZHp+f51U8C2QCfaRjNWaVgbLANLHBmqEgG1z2jthjZzCBcIk4J3TJ71ot57kGAQMCqWvMtxQVMDjNQu3CMCM/OanktR49fp3xIncSSJYV24gDH8/ehrrnzGjg9+asD7wDyAcgA/pVNxg11hHqA5nvTbG0zfEcAtQHbvKnaeRIP8AqPaluruE6YyP++9H3Lha223B43H/AL8Cl98+YlyBBPzNNWSStGHpJsRcIyTBPYg8VJgARDHafitom1xuFbuQHEAe3MCgVINVHbLA3chabaZBMzzOKNt3QykYE44JoW3u2IVhiJBzVpAUqSIJzM0AtnmAg2bEKDFFkFRH5TWrmAGAJPfuKrtElIgTM54rd27MpBApn01BFzgsrKk5DcHkCpkYx3zPaaklg3O+Y4FWjThVnnIGWqQOdoh2kmiZSLpVhkbvias3MwmASDM1MWcMfSxC8H2rPw+4kY2njdNcoBBrEsha7GRIPqCQFiQcSBV+nU7iuDPtihwvqUTIAyAcCmOkXcQTBNT1ECjA9Zo0wAeqG6WAq8CYOCc/bFN9KBMET/4kT/8AVBadSoYgGQfcj/vemVnAV9wBjvyMZrIVsjvX55fvPSQBQBcsJJZTtIzEAUZaG24JBIIiIzQbqWYDaWtjuDRNq6yiAoCgQCTmuCiugUZbLWTwJ594pkeIrxmSCPqPxSy6SxkAweYGKZ+IvV4jvDvMT+VDai0VVVB+CY5raCQoBnhuWLEgY85DaGb0qIABmCZrGUOxDxkdhVpLJCQFGFieKiYRmgHaaNHbHBBFHmLityzcxKsvBArq+i9aTWAW7rfvgsCeGpFdtyksNyg8ihLgdLqsCR/CVNM+nvUWaMCaz6DDyM7xrarcGBGQRBmI4obWXbel07PcIUiJnmk/T/EVywrJqT5qRAZRkUt6n1C5r70iVt8Kv96xeEXamxN//KAW17yjVXzqr7MO5MYnFSSyLaGeSMVLR6dt0dyc/aj+p+U7oLILAATPvV2NMEHETT9n8RG1G57RaoHliRIiZjiidNpG1Nt7lsYX47VfobDtvvXB+5tifV3+K6ToOt0p6fdZ7aW+Y/iNVIUE3Jou0URYnGWiVuMoO37im1sFrQJ+3FC3yt3VXHQALOAPajRba1ZnDAiYBrLqsCKlVQNn6fD7wG/IMn29qadB/wD2jldpG/O7JpXeZu6gkCYro/DVhToWZlly5gjgUVNVizM7uC1g8GXO43H1W+f4P+aymH+H2P4D+prKxHW0weBM5TUPnOd07O+p27oyR6Rnmun6L4d1XWryhSw0yH1XIAEA8T3pF0G1audXtW77Rba4AW759q9pFuz0zT2ksqLVoGB6cH719j7N7ONZy+61HnzPNd30l23zAE6RpNF0+5ordsFLilWLYLYjmvEW0b9O6/q9M2AjGF969iv69XJZrpVhugdmNeZ+NV/D+KPxIxbeCTx8Vb2gDUUE8idpEsKu4I25CFZi0/TPaoKu15MQBI2jk1NQ24+vcxBjEVLbtUKIBIy35V4RQnH1mkpsAZoPfLAjbcJzJqNnUmyMSZPNYbRuWsCV9+CKCugw0g/Vj3ApdqhsRGbOBnzjH8SzsRImYHvWjchwoICjuRS23qD5stiOZotS77mB3DkD4oV5n7QLRFtDHYKRlh6RwKqeUfkmMQe1Q2EhcbyR3NYxJuGfVBAj4oFM0MiDqA3DmRvEsDtG2czApfdkoZeQ3aJo64CEK8+84oNrbZG4fr2qnaziUs2QRBLqzBAwORWnuIQAMGYj2oldMTc3AkDg1JNGHIO0Egwcc1x967grzgqWioUJJLcj2oi0ouW4Jh/YipppmVpX37YiprpSGLEgEcQKO/cDODDdcpUbnQg5+e1EshkGd3fgVpbQt3Fzg/rU7aQSAST+tJ0nuYAOqxIgLIJSQT9qmT5lsBRWAsScjnvzUlXBjFcEF2scAhsGRBIhcA/IqTKZBDCI7DA+KwhkluCPczVhQhMx7n2p9xC7bjk9QDHmA2xuvOZB/KKZ6MZgfTMGBSvTncWY8EkjP8qbaQQsSATmaysNpIP6TXpX2/WNLF0K5Q+oj2o4EFTugg/rQdtNgg5XvOam15p+pgmYzk/lWQ7bWjxfr8hPRW2G4cj4yVzWlWTIBBz/APdX6fVBrTGSCM8TNcz1K89t15CsYLAjP3oh+pixoXeQWgwJwe2aqexF8xC7Cw3aJtdeOp61edWwGke1V8sSwkiTIFUWQxuEkwxE1e13cIURMg54rTV4HE8wE1Zm2JYgwSKiWK3JkqIgAirVQqfpnHIM0NqHKsZMtxRUKI7Fl6hibLlyAoJioXJZoGCKkijYDx71G5MDA20MYlirBcyp7JUkkz96xU8qByZ5NWC87OByBjFSt2GZjOQOaJNQIpZwBDumWi+9yMD86qv3W8xxAjgGmWnP4XQvgAsIAilFy4WDApxgg1jW2Yme/rKNDSVLzOq0ypc6fbR4ZPLUAEQJ70TY0WjRBvshiVMRnPtXM6DW3LFlyxJtgQFPAqi91vUXNy+Z6f4YphpAtdmeTToQxxct1F0PqrxFtUUt9Kjj2qZ3WwG3RjmM0DZeFJYZPeiUuD33AjvXMvlxIhi5IBlN+6xBEz9xXV+Fgx6cGI9Bcx8D3rkL/qOWgnuK7Pw6DZ6Ra2qSeZjmqpgihciEG6qx8Iw/Cu2QVg55rKqNt5MWGI7HP9qyr+Mw/wCg+k7xVHc/acxbvkKXAAZTuyDiPmvQuoeILmv8J2tUsB7MK+0HIj7150u1Xe3tJkn1GnnSeqI3h+/p8g7xM9s5r0F1wgYAYM8zU0zQc5qEW+v661b3+UbloLMFDSjrmpHWVe6oQXlUehvjMj3ph1vrG9fIthVRR9QHNIQcBtsDbEgUninw9gcx9JBlmFY4maXUBkRjG4LHFWm9vVWAVSO+2hNHcGna7ZbLA+w/rRBeFB2ySeIxWQMiHdzOpgBjiSa4xBYkGO2aB1LwrARBOGE0ZcBaJthRHMd6q2ysFBt7nuaK6oY2Y4Via84tt3j5x3FTJySOKPtOSAAok8Y/2qFuwWYwBM4BGaLtWxuhx6vtyaFre43Yg28Cbt7SsBQSOwxNY171MroJ7girXKjDHMdh3qDqFuMTIbtIri6pgE5nFW4PHaCM+5CCBEwBFVlJmVX47VK9OIBHPHapWo2iRnuTzSlxdrxF6hjm5lpTsztJ7gg1OSCFGFMGRNbVQu+CJIwSKxDsEHkdoxTs1YUzlFXiYVbzIVFAiSQKicmGgGMR7VbZIDMGwf8A15qLlXP0iRxQG26vgRsk2wAkRG4EqCR3P9q2I8wnlQBIA/pWyxA/eLtBEqR/vUlKrblQZ5OaYDuLgQE8TS2QVYACO0irhbG0epVIMGQcVDzJSCO/3mrd828iJ7gCiws5P6QhST1DMqVJmGBn+EYNUaj91bMvLHIGT/WincAyBJPJNBa65NvaRljiF7Vy1ZJa5YghhfaU2WBuLKgKMyBTWwDAIAH3pVpBscDJieab6UqREd/aszBeFJmzTo2DD7RuIvqAECI7GrPMJSIX04BJNVSwQHOOxzUHchQApIPxWfehAUk3NBwALxFnWGVbQaV3THFKLupN1QDG0DgUb1u+jIijEzgDvSkECYJGO9bdJiFs83+ZmLV3KTLkuEscgkDFX2oyxVZ+AaHtjbkCTyTFWPdQA7gQ3sMCiNt0bgQkAHkSxrwRVkhfiqsNcGFMmoWxvJ7jtir0tC2GJ4niM1zbV7zQiO2SMTTsBEAA+0YqE7xHuDyDU0stfbaiOzcDE0f/AIDqwqM2nMsIUkDJpT7oMcW9heBF1sqhKlYPvwKYdLvi0jqUVjcG0M3tR2m8NamQ9+2iemfUwGalp9EmjZmu6myr9ipn+lQcFxQmrRQaValiA9U1EIloECBmO1AWrZ1F4IIBbvEUfd0emu3N7622xJn6eKjpbmh0moLG610nAKrwPem2bVoQ6ntGm+pvc0LgvUbu0rZWNiGJGJoMkMh/0t8CKL1VpZ3oTctdmNC3CWAAAPcxXIaoCZ9V1YlgeeJZbJ2H8piiDCY9JxgCh7bNGAp7Zq9iyoWAG7j6RVHJyLmLaQOJTfMssgARgRFd30hFs9Osjg7BLKvANcBdckj0iYifmmei8T3un2xauoLoX6SZGKCjFgkGK7byQwudyLwIG26Qvb0nisrkf/zN+1pAPtWUm7X/AM5k8LRlPmMzkTncZYGq7FxkvXbe8bTk4ic1K5i4nyW/rQtrGqufn/Wtuqx0ztH7/wAwam0iq8odfvS8FgFiM9/ioWS0ESY7QaDLE3WBJIit+Y34c+o44z9qm/QFbuZPcb2gye1k1iErhvTg1aJc4EYJ5/3oXUkrdskGDv7fcVaxP4UmTMc1PNbpYghbBhiKYE8wDzUwQCQIJn2oC2xN5ZJPFGXsW7ZHO6JpNKmNGFid3pMtFTcMcE1Isq3CCTv5MVSmPyraZ1FycwtOq9TWZAMzULloZWZSTIjiq9+QAfeSDFU2WO7k96zcTdEk/rU7xcdiUQmYxEMVMweWk1C2CCWYqW7Dg1K5yfzrWlUNyAcHmr6KB8jEoq7yKxYuWKdkq3fuRUVb1BW2+kf6a3dwt3/1qWk9VsznB5qTsUNHMm7bTU2o81DJInipKogTJz27CrQALafaqrmNPIwd9INW+2IFO5sibUqGM59hWwxVj7UN/ruHvFSk70z7f0rSCSNvrLaQBQEy1bsEARuJmrN0gk5z7c1XAmYzIrJIHPf/AHNZSwW6ElvLdUsRjBYMwnhQJ/Kluuurd1BUFh7Tz80e5ItOQYpRc/8AmP3NXNG3M3MoAVvMQ3TQu3O4/PtR+muncoZQftSvSE+/+qP5UeSRJBgx2rO3BYyqCyIyLMu9gYJGQM0NqLu2yCcD3qy0xZwCSRPc0PeUfh3MCdwFRUA6efOX1emItZcFy+TEgVSVYsIwPkVLUfR+ZrdsywrWCaueYTvJMx2EjbwO3asRPOmQYB5HFa/1Gr7XNr5Of1qm2n2d/OV0xuh+g6Zf1wLW12ogk3HwKJujp3TSwc/jLh4Cj0g0d4juPb02nVHZFK8KYFUaWzb/AMAvNsXdAMxnmu9o010lBF3c1vq6i9CmDXOv6rS29lmymmVuCF5Fb0q9W63buXVvM1u3PJj9Kl4nAF3TwI/dLR3QXZOhelis3GmD8VVGAHymUBrIBnPaZ7mrvG3ev3fqA2oJJzRo6XpTrLlnebvl2i7E8T2ig+mEjqF8zkKxBojpWbeuJyY5pEcFwpEmymxmFXug2n0ukeyBvkG4O8GM1p9Kqvct2gEDq1wRkkDtRGiuP/iN4bjHlDE1BWI0wMmfJfNT1XqyO0Y6eR8TOeN63+AW0QRd8ySQO1VA4YAbgO9QTJBOTVmn5alOMxx1Vcnaum3bMMOcGKuYNslmiRjGK3aRSjYHftURm0s5xScmXAO0E5gt3dA9+eK2lwXFAeC3uancJZEkzzzQa/WadciRI68w/wDBf+afrWUITmsoZ85PavlP/9k=","Ronil","Gonzales","Cajan","Royal Blood","aklan","1980-12-23","40","Single","Male","Purok 1","No","","19512659595","cajanr02rtrt22@gmail.com","","310 W Las Colinas Blvd","1","");
INSERT INTO tblresident VALUES("174","","","data:image/jpeg;base64,/9j/4AAQSkZJRgABAQAAAQABAAD/2wBDAAMCAgMCAgMDAwMEAwMEBQgFBQQEBQoHBwYIDAoMDAsKCwsNDhIQDQ4RDgsLEBYQERMUFRUVDA8XGBYUGBIUFRT/2wBDAQMEBAUEBQkFBQkUDQsNFBQUFBQUFBQUFBQUFBQUFBQUFBQUFBQUFBQUFBQUFBQUFBQUFBQUFBQUFBQUFBQUFBT/wAARCAD6AXIDASIAAhEBAxEB/8QAHAAAAgMBAQEBAAAAAAAAAAAAAwQBAgUABgcJ/8QAOxAAAgEDAwMDAwMDAQYGAwAAAQIRAAMhBBIxBUFREyJhBnGBMpGhI0KxFAczUsHR8CQ0YnLh8RWSov/EABkBAAMBAQEAAAAAAAAAAAAAAAECAwAEBf/EAC8RAAICAgICAgECBAYDAAAAAAABAhEhMQMSQVEiYTITcYGRobEEFNHh8PEjQlL/2gAMAwEAAhEDEQA/APz3t3iql2K7opV74uvuPBzAHA7VIjfkY8BZoVpYukuZHYkCK6EmpU2Rblfy2O2iCgBCkxg96P6n9QAxEZz80rbZckyBECACT+9OWAhkwZA/uA/6VZJRbdl4yx+wRT7goEhcVpaMI0ARj8VnqwW5B5HEmndDcG5AZYtiaCV+SKuSbsc1UnT4ALHsKWz6Ckqo75pjWP6mlHv9MTEHFJkKtsAFyB+azkkuvk6GvkN6faWkAFu9XZDhjABEx80LT+Yxg5qb12ATJntTXSwK26xoXuXSUILR5JFLvBcMfEbqvcc3B7eT3oLvLQNwA5A7UFWFayS7WrXg8/8AVTEaZQYlmgya8+t0hLlogOCQROYr1fV7C6vTujyYMqe4rx7o+nvlZkqYk1OfHb2GVXaGtQzLajjFAt2ixBKiaPqG9O0IHPgUDeyjcMHihK5NU0Tcr0gtsxuxx5od6+vpkrJYYil72oZpBoCExSOPaTi/4Gt+EE9VUUEgF5kVpWL1vUWx2YcrWOWkA/NGtObLqwzBzTq7tPKGTpo0dTbKWt4wAcg0kNUp7CfmtDqj79Jv3ElorDOBNCUXHEXX7GeWaS6tFPyePiir1FQcNn4rKM9qicDvmj2Uo02GOF+x6/oujPVldvU9oMQT3pu50S4jHY5BGJ7Gq/RqNY0RfILvit8o+QRMsJFVUbyXh/5E+yPOHpesQiSTNUFnU2UE2zk8mvVJbuNdkH5iBR2snbbLgHMyYxSdW94BPiilaPILa1bQRbHnFFWzqVE+kZPYV6W1Z9SZgxgQKulshVJ5/wCVWik2or/n80NLj6ul/U8rea7aZVvW9jH4g1W3q1VSvBP81X6u1pHUFTuiQRWXo2a7ljiea3Ekp/2ISk4uqNsaqe8RR7PUlD7BHM+KzEIX2Hz+9Asbm1wJHk1VNezN/G0ejTqDIyqSJ7Z5r6V/sp+prnSdXcBYANnnFfIFYOVIJ847Vv8A01qb2l1XtJaJEcV1wTr4sEeRcdSktH3H/aZ9Vnqf089o3cV8C1F5WDHucQfNeu631R72hdLjNJH6W4rwVy8CDDAgGBVOS+PBfllGclWBa7d2sx2jB7Vn3nAb9MkmeadvsWSOG+az7qurFSRP2rzHFRdsi0nyLBxbcAJlvA5oNxjsIEKDjmuLFg08UCWUCDkd65K6+dglL5LyTcEqODQnBbbAAMdqsRK89xVbrs0CQQfilalp5NbaSK/3cAwIk1yx2A5jNVUFj7mERBqNpwCRHanprCdNmaLm4Af0j9q6gbif7TXUf8vL3/X/AGFPbkQREw5znihsAbkQxtjG6MUqbgUw0gA4I8Ua1qVbAkpPLd6opKkq0DkjdNobtEBpaTAkQaZ9U3GUKkSRxWWtxdwJAacTMGn7LoLqiZA8Gt18yZVTVVQ4F33GVh7+ACaY0xZG2z7RQrYF1iyEAHMGriUurvYbY5pVTdpkaWE0ajCVtgA8iqahAVYL2Oc0A3QyBkMrPmouPKSBnvJp5bedF47eMUFs33B43TAI+atqbmxB2OcUvaYsFAwZ8xVtey7Su6XjPigumX7Jq1dMTS628gEx/wAIzVrjeqDAHmYzQkQKk/pxmDVXfc5/alX28eBXSSaQDU+8ZAEeDWDrrKC76kCYmK2dXJDBSVAFY+pm5B74qs1p4F71mhPUyEJ4B7UuilwIyPFG1DSu2MzzS7Qk8kCuSUb+hu1uxK6ZbbwZruFjbJ81XlqujQ0VRR82ZyyUuYA8zxV4xnAj+ahlkE4x5rgAojNNTM3dIfd9/S1B5DRJrPKymQSZwVo5MaVgeAwNCLHZ3FJKlJNjLdFVQAk9vBriAFHINWKgmSc/FQePNM2llMLd6PofRBbt9F0zoIJAn9627dq4zB0mGIJk9q8j9P8AVfU0AsBB6aNETkV7PpTg2QOZFXj2zK8F4SpVQVF9G4JUAsJxRXtf01eD7WzmuvoFu2S7TmJJmmn2iyApDDcMClbuORrai1RmaZSBeESQZiqWwWtpxGSaNaBD3wex5HNUEWrcjJgyaKbtJBtNNnzj6r3nrN/k4An8Ut024WZrZEQOZqOu3lfqmouAwpaJ5oXTm/rjbxSqWbZx3abNZZcqSfaJ5qUAVlILMYz+9QDtMcgdjQba7yDOA5mqXtX+xvjdxGHtSfaWHmTXpPpm/cs31BAfM7iK8yG2xBkHtNbXR73pOvuiZz4qc5yirujo40pTVnpvqHqCXNMNy7SQRjvXgr6K24qSgnABmvS9XvepYhoaBivIaizuJ2krGOaePPOcU3L9xOSKvCLN6hcCd8E+04ilHve/aRBnNXNx0dQwkExI4FLNqFeJMEck1pu6br6/6I07wy4YbY5zQ7jAIPbH5roUcHJ7ChOZQhWJAPfmuZRV7KN/RxkKREkdhQixJDZIOADiqXd3piTg4qh/Svc0XJrMmL2vQU5IIGR/mrbgMcx5oK+7H8mocBeDJ+K0l2WBlJ6kFJzx/j/pXUCH+f3rq5/0pewdPs9XdDveYCVzOO9RaVjdE5BnkUd7xQgGTOJIiaWN1oIDEHPAqzUry6ZTOmXZPSu7xnnFF0Ynd74+JpRbrKwkk4yTTeiJncCvzjmircEk8ixUdrwaeiuQHVWJI7k0/adHSC0+3k+azbXsVmP93cUxadrVgKACGM5FV6xUae/4/wDQK8jiXCI925QKJYHqXZIhBg1nOzujAYAI7DitPTsRaBgEk9+5qWnd1ge6bfsuikMSOxABqusB24GYq1u9lgrgw3cUPV3t4B3Ag4wIP+KePWTqLJJrCQooJtlZGIkHtQrk74mD96K6llJBEDml3M3JbP4qVxl+LM0tFNV+kx+/msbUKPcADFa2pdtoUn8RWXfclmyIjgCq91rtoGE9GbeBRYLE/FL3ot2Z5MwRR9SfcB2oOpY27JYwfjvXOlGX5AuKwkZ6n3HEVbv81AbcSe/zXETEkfiqqSfxTC2vRLAxIP4nmpYgqMQajbDf4qc+Vp0kvIPBZnAUrOfFVc+wGZM8GuJgZiahmGz81N12oemzgAp5JroBGTtHeuDZ5FcGGalp0ymtGh0Uldau1hBBivpXQ3LIuRAiQK+ZdHubeoWswJPavpnR7gBtkEe5duKvHqpXY8G1l6NjX2v6dm4DkMOKh7cqskkA5xmmtUm7QBhysH+a6JVfkzPimb6+cjRdeRC1bDNe/tjuKR1bCxbvmQFCE5rVsJJ1Hf7iKxeuzb0OsIx7SB3xFHvJxtGatYR8rvFmvu0ypM0bpjH/AFUgwO9LO5BgcUx0r/zYA7ikpkIVeTbRWu3NoEsTS2hJb1FIhg8mjb2Qs++COCPiqaK3eu3r10ptVjgCtJqGEzTzjQR5B/SF8xTWkukMIwBzSmoO2JABnNWskqZH6j2P25ro4oRm+reTRnTj6NDUapmUjdkZMiso3le66TB54rQ6j0/VdI1Is6pYdkW4J8ESKS12h/02m0OpHN/cSfIBiqcnBFzl6SM+W3fsBcaAsmCe3mgXkViZxmiuSUGe9L3GJ4rgmrfWL80GOJWwFy0ADtMT8UAbhIBj5NMMSFzA++aGLkRuXA5g0so3KosWTabfsj0yyfq3L9uT4qLlop79sBQJHmmtOGvuoUewdjTtvRevq9XZOD/p96iI4iqz6vjtMVPtLpZjWHS6XB9pjANV9La7QJAJz2qXH+n1CxDLzxWlpNOt9b9pvaSsoDXNHL9lG6V+TN9ZP+A//tXUAuFJUqQRgiuqfX7Nj7PV3GLuoUznEmqIiltxxHMnk0NpQNETOZPNWtNJAPf+K7cNqV4/cS8ILcUsfaPdGOKJo0jcYj7/AJqrp6ikzEDBHar22YpIZgwiJpe69m28GhaC7WBBbHFXsMoJlQAAY+KDbYlczJHar23NuMzikuMtE3TGF2l1YHBE5p5QFT9IntWWzb7i7RnvTwvt6bbgDV1LNjQdYZUXBbvvGAO1Rc1QZGAQmaWdw7DAAJwQalwqvyAPtQj1k8IX+Be1eBRlIP3HagjVTeZduKDuOxiGyfNJXWdb0iR+KnGUXjyButDuoIckTkcieKzr4AUxE/FXbUkCTkmQYpZru4QFA+80rl1TTeRp4qtil4SRumZ7UPUgemQQZ+1F1DAvEQRzUSzEz7hMZ4pk3LX9w4pGQMdsk1cqYyM03ZAua1mKztEQBWraUOoAWO0UFJwd2B5ZhLad4hSfxRx0++bZb0/wDW2iBWMCAKZRWA5EfmrLKwwxzo8c4KsQwgioJO0Vq/UCKl1AoGfHesuQTxA7Cp27yxup3tJ90/irDaMVWOa4YnzSt0ZqtjnTmVdbpzOC0Gvo3SN1m4gZQoJlSDOK+Y6dyt22fDA17/pjOutsby3p3UKL8EZpu0lakPCtM9+lkXOmuYJlDBJqmnUMiNiYB4q3RWa/03b4BEV3T7X9HaWIg8xVFNuuw1eUgdi2Z1DPAJY96899WH0Ok6w4yhr1VxfTSJmTOK8R9d6j0+lagRG9lUH80yaSuLGeFR8zJ3HI91OdMITUAx2pAsd5Peneky2pPgioqWWc6dKjXdkuWipkS0Ypm9obv+qQ2o2oZG4nNKXlh7S8S05+9bgxcngHvW7bDFLcgXSvpl+o66zb1OpP9Rs7AB/FevP+yxgivZ1VwHsz2wf8VkdIuhOoWG5hu9ex1X1NqumaF9R6wbBCoDIH4q/HN/lJ6Ol8acPaf9DA+rPpbq3WNeNU16w7i0tohlKTtECvLdb+kOtafSaW22n3myCCFcHkzTP1B/tF12p6abQvFWuGGYc/xWD0r6p1ml1DMbm/dEqTIit/me1pZvyQjHjtKha907qGmJ9XQXlA7xMUpcV7TglSv3FfWtN9bt/+OVX0GlutdliSwwK8tqOuWNRf1Eae3EzL/pB7ADxUVOKTTZZ8KvtZ4pxP6hAJqrINxkY5NbtzqHS9RavFraW9QAQDbXE1hXJZpHH25oRlHSI8kakmtD3TmAUlRMd6Ztaj0evaZ2H6xsIJ80Hp9spZLwY7Un1a+/8ArLNw8rEE16E4x/QSs5ONr9Wy3WdN/p12FSr27jI0/eRV9Aw9azkBnUrunggVpfVAW5pi6MHS4iXN3kxmvNaXUehdtuDAUzArzlKnd/3O2dOLR6P/AENp/d6aZz+sV1Zx191zuBABzE11G/v+/wDocvx9v+S/1Hmlzkj5HFXTBDHacRGapcVWJIztwsmrWlXbHAAP+aTkUpf7F5YWC4fcx4xiADRtOzlYBABAnHFKBSrkhhPaKd07FiAwIAyT5o09tIyaUW4jSMAzDg/NTpyzkAgDMZmoG190FRJmWImasLbKVLEqR3mm6Sd5wR7RGBIusynbET80w1yLJLBVnihMd0e4EnGTXXFPG7aRiOZoaeAwy2Lg8GV2g4+Kq5MkiuuiLgHz5qzKZOD54pIKqr9wuVvAA/pMnkzmlb7kuNpAJ+Ymj3DAjx+KUdS94QIM0JxaXayKoHcODgbvMZNLM/YRPeZp+7Z2AkmD480let7WODxOa1tu1RV7YJ3k+6B2q6ArA9scgeKra3MM4A7UfYBBAg02lSA5LRS3bEyAADyeDT2ntG0sxEmZpa1CNHbvTlv3phoB880VHzEW22w0h4yuBgZzRCuz3QOwAoZWBMyB4qEef1PzxJwKKWLGTpGH9RsRfQY75FYwaK1vqJp1CRwBWVAk/eldvKKdrSIH+angkxUA/GK5iYwRWUXJWFU9lkO0gzAFe/0d0v07R3gx/pXFYmexxXz9RK5r2nRHY9AIVp9pH5BmtJ9VYypn0z6bedGTzDkY+5o+lBRmBiJNZ30zfF6xcZOC28fnNP2rkKCMHdHmqRUqsqpey+rO1SxEACSa+Zf7QtZ/Qs2QRuZt2a+jdRvBdNBgM3tI7V8h+t9Uup6wyBpFsAfas5XGqNySTVI85/cZ71o9E/8ANk4EDE8VnNyaf6LP+qiJxSQ+Tycyzo9Do13ay0WAaGMVfqOvTQhnciZwvmqdPMaxDEhQSRPzXnOua1tXr7o/sQkAUZJU0irWHZN/rmp1F7d6hQA4C4j7U6/1Nq2tGwL5e0ZkEZrAqQxU8fzU23VGTvNjT3JM4BPxQvVFvIOfihs5BxmqggmKaMaeAKllDY6ne2gb2A5xVl1bXgxdwhbkxNJGBFSciKDj2yMs6CvCwQwaZ/FH0mpRWKXUFxSIUzEGk4nvUY/+qRZdoS6dHpNPqbd7SwpA29qzesD+so7RSVjUNYMqcHkGi67UDUOpGYWuyU+3AvZzricJt2OWy93o7s7SE9sE5rJtH+qnbPNPaa4p6feUtDSME81nid2Oa47dnQ3Yw+lh2yOT2rqt6985937V1dNIWzekEQAx+SSa4XRbtwSTzVbb+rwJ7mrgAkBlk9qmpVoE7Soi5cAMDjxNHsXAJHnHxSxfypiDzRrDSSuzbA8fxWuTTUjKKp0adgenbgloyZ8/9KKjSsnI+aXsv7AAJYD74qwuBxBJE0e1LGRbVaNDTlDZTkQJplNKHO+4Ns5E0tYUtbRRJAySBFaattCCDHeR3rOkrZSOsmTq7QW6QoEjImhgBnYNOAc//FaGsVzqt8DbEwBWbfUAs3uE4z5o+UyWEJ6iAzFf5NBQH15JBwOKY19oWGVShkqIjEmrKjK4UiDIGRSdvaMl1wweotyWIzI4rK1C7U8z25raviC0ABhOYrL1DBWEjA70G2M82kBQ7QwjcJPc4q4/XBUgDgzQ0MgnycURWkiAKesWxX9hbaiZYE5wAaLcvqiAQQZoNpsTAkVV3F79PIpE08onT8F21JuD2kgnmuS+UhTmTyDWn0j6f1PVWVdPaFxtwXmMnihdd6Hq+h6j0dXaFq6SV2zORzVV3/JrY2med6627UW+421m7s8U/wBZP9ZPhY/ms+p07tFEdNcAJzA+9QBFcT3pms2EsDivU/Sl9LlhtM8ssk7fE15UP3rT6HrTpdajEFVJj70uk8B/HKPqn0hc9AXtOTKggDxit5gNhUAHvXlui3CdaxUFQ6DnyK9LbubRk+7iaMZdUuqLRbezL67rVsaN3I/3as5/Ar4zq9Q2q1D3HMuxkmvo3131MaXQtZSfUvnaT/6a+aOQDB5nmmbUo4Jz3gj81o9DP/iWxMCZrP8AaSTHNP8ASf6buwzjippNb0Im9G5oWPrviCEMV5S77nYnmTNeu6Ws3bsn+yAfvXleoWxZ1t62DwxrW3geVixrua6agETFBppDKqJUAkA0YKrNPB7DzQtueaZ0wAI3Zb/FGTcc0GNN0jvRAOV/ftUi0sxtEH5pq2gc8ftRRpwZwYPY81z3R1qCWjPbTrA2iDQDZNsE/itR9PHbj5pa7OVCY8CsnTojKC/iZ5YmRFSDU3DtPEfFU3/FdLT8EXdjWkZDuR/7oiKAwIuPHY1fQZ1CgLuJPAqNQ8X7hAjPBpGktMRp3gOupUKAQZrqU9X4/muqvb7NTN/pr79MDtErgk08loOqkyEPGe9ZfTm9LVX7TQMkgsJmtpUZLSnk8yOBNLyRcVcNoX8dMCLJa0/YASI+9DtgqSd357U0H2IVSNxnmlbgyxiODHmnU5LC2B0sXscWQIHMz/FMWrbqquDBOMUkrbgQAT7eYp/T2ibK7TkHuIpYwvLJrCwaWkubWQQTI5+a0g24DMkHis60u4LcJkqMin7d1SQSTJE8cVVNNuLRROy2qtC6pMZHasi1bnUAFQQCTHitPVT6cr4yRSGjC3L7+3b7e1SSXZ2Btp219Adba33rTFQAATHxSe6LxOcmtDV3CMf28EVnMJusWAP/ACoyl1rAHG8Mm6QVaePmsrUEZKgEHxWncIey4I4GKzrtrapAPxWaxbM6ntiYYJACyIii2zsXZnnk0JSpf9WPBo6CIGPvRVyQjVeSVBVYjNERwpH3zUTFmOcz9qEVgfzSNW8oVLNo959FHbbd1Mww/wAUt/tFu+pf0ZIgw3+a8/0zrms6TB0zhczlQanrPWb/AFq7au6hgXQQAFiun9TtxdFdjdXd7PM9ZX+ugOPaP81nFYxM1p9WAuakmIIEfiaS9MA81ztvFIrdIGDNcTAq62wD7siuNsT7aYNlFyB2oluVcEHIqBb84PxXBAB+qKSpSAex+nvqEC9bkRcUQRPNfQbOutanTC5bgg8jwa+b/RHTrWs1ty9dXdbUwB5Jr3fUdDp9BY32WZUcmUng/Ao24Rp+Sis+ZfU+uOt6zqW3lrasQmeBWI20Gf1DxxW59SdHPTL+9GNyxckhz2Pg1iEqD7cyKmn2eBap5ODyQIitLpWEZ/4rLJ3Ga0ul+xWzEUzusmS9HountBZvCf8AOvI61hc1l5xMM5New6aFKPuIIxmvM63pz+vcKj2liVB8TS20vk8FKlLRnn810RXMpUkEFT4NFtIGb3ZHzRfxVoRW8IoklhAmmbSbcMCc1dAq/pBEfmpY7WlsUk5SkqOmEYoZt5U94/imU1Pt2RH4mkLN5S43TtHBrWsWbN+3O8RNc0otOmjui70xa5eQqDB3UpebcsECDWrf0i2rpiCg7gZpDU6eF3yI++aWMadyGp3TMi8oCE8xQJBBxTuq9ltvYAJ5pIsDXZFuStHncsX2C6G4beqRgB+ajUib1z/3E12nsuzSnbMmoe773kSSTW+iTvwD211SH+K6hYMm7qIsdUsuOD7SR3rbu3AtsBfGc1j9XANoOCSVMg07ZdtRaR9x2lZJH+K6ZvrChMSVl7ZlHc/pHearcXaWJyQozNEBbMBtoGPANc7EWszBUT4p0pKPYWSWmiumdiCg71q6ddgGR8SaxbbsryI5rdsvu2kmccCljq2I8Kh1XVUH2BNNKfaGJApYOoQiYMRRVaVkkmMU7j1ywxqLtl9XAwT34BpHpQ911jwuBTN25CgqOe1J9PJVbpY/qkgVLzYceC+qZbgcgjAkTSNsbg/E8UxfkWmIiY70rbAJPcd5peTDu7QmaoHI23BHBikdSW9PjB5poOFS7zG79qU1DCOSV700XcbkDLzoSAnt+Zolkw/6snHNCUhznnnj9qva5VhiaDbfk13kY9xkGB9qhrRJmYHOKHJK8mZoyPIjOa0XkWLVtHIhdtoojJtuKCZzzQ7REqTk0ydpgnP2o23gqpRo8/1V9uqicRST3AGxxTnVSGvs22OKRYQp+KVt3YyzksGJ5OasjDI4NUMYiun3TNHKNSQUe4keKjDZioRgJJPNduHmmV+DKj2f0q40OhS8G2+4sxrT1P1AmrAd3UJ2E5rJsXrFvoiWrt5LLRuG7k1laMDX3rnpkn0huA/4qTkwssEZK7PQ9SvWNXomS4relcX3QMqfIrwNxAjQDIE5New6i4fpZJIAjE8149gbjwBmpQa2VavJFm2blwACYzitHpI9jMf7pikrNxtObm0gMV28U/08bLXefim7VkS/R6DQM3oXAoycDOKXZRf1N0soKIoEL5o+kvLa0rk4n+aVe+dObjczmOaT/EJtJo7v8PNJuLPN61dmoYTMk8812mHvJMQccira5t2quEgwTIkVbTqCVB4oN/FWTSXax+xaV2Xt96HqlFlJKT80xaQuSBAIpy3ovVt/1DC+RUu7ujs6qvszbWqt2rQ36fBkgkUFmt3X/pobZnPIrVv9KJt7DDryBNIvbNuVWd3cxxTd7ZNcbS1g0LBdbSh2kciaz9Xq3ZSEUeM0U3CdIybwIpS4WbTbQF3TIdRU4rs322Nyy6rDFdSbjWYaPxSqxbYE5ijXENuySWMntFLbq6YN6OKdto1G19u5atrsC7RFZrRJqJriYrZTtkUqJx4rqrurqFD9T1urtC7bYGAYjIxSPR33JsnaVJ/7itJgCpz+k4Hmslf6HUmAO1bnB+av2k3RC+y+zWt3R6bAlZj9xUkblEwsKBMUKwEAJYnjmjH3pEmPI71RtNt6Am2q/sAsgm+wDBp7RWzaOx0LrxgACspd1q9nAjmM1qWGUtblmBAqMcbwL5od3knbIk0bf/SKmN2aUQBnY7iauzDaBBir22ngpm6QVGJsycGMA0tpW3FtwiMxRlYG3BqtpgrE52nB+1Rc3GKfkW8P2BvspttkATilEchjAGKJrbkg7ePAHFAVgR7Wkd6VNN2v7E9O0UmfUBKzOKQ1JjdJz/imjcn1Fb2xSDPIM+cUYvEvoq2tNg7US0ESBFXS5BjGMYpZpkkYBq6bZwYnwKydNtrIrWcDSKWED+ashIHIMfFCtkKphjRLbq6Ft3fxRSdtBS9FrbAMPFMWyqggkA/NKeqgcCRTCEK5PAjj8U6kutG0jC6m5OpYYj7UmxKjiRTnUj/4kj4FKG5AjkVHt6LRSrJwO6oiKhcVVu/mqt2DrmkXg8xXTHIogcrb2yf2ob5ihhxo1UXvahr7S5nAH7UbpesGk1tu4zsqA5IpSJrtsUtJIGDU13W7l+3csW1C2S8g94rLmDNcTJyc1xEVlUtGO3E1r9NYGws4IPI75rHra0ICWEJA5kUraiZ34NB2bZbHxOapdsPqLe5CBGD81Nxt4tHg7RNH0shbg/EVpJNMaMnF2ef19r07w3MrE9h2qEBXaRiidWsejr2HkA1CexQZmeRUH+KOnj+WkaGhMsZM/I5r0/SRYu23FxNwIxjNeY0jCVMQK3OltuYQfZPeuWT3g9PhTtUCvaNlvPBIWcfasXqd70r/AKVv3MOa9fqmT02YHAHivMLZFvVXbjQQTJY9xTLpurZTnj/8uhbS6G7qkb2kMBJx2qvpNY9pIMHI70+2s9NQ9u7I4IAoXrK1tizTPkVpNRyjnUIXlmb1G0F0hMANP55rICk1qdQcMuwcc1nMhHHFdUGqODmq8MrIrjkVFWHFP/AhVFYNdVq6sG2evFsAncBmThqzOqIA9u93U+a00UC6wkZJwDNLamwLqtawcE88GuhxeyPZ1bLKdyKViCJAo1mPSIPJA3QazOnXN1gqW9ymnrWVI7mkpLLeRNLBexlS3KxBMzWnpQSq9toyQfisvTOBv3YU9uJrTs3E9AADAH70OqrGzNp5khlX5E5AyD3qSxYgk48UlaAkkkZ/H2opkSIknjNWdJYYE2vAx6wSfdPwO1US/wC1pkSecxxSRY7oJjOQaMLhFoiZAPmppdX2RqBasrmT/wD1Q7SETgQB2NWuKGs7Rz5moBCN2HYj4pKT27JpYpi90TuJH80ne9ynwOc01duGWBMgmkroIAMU+LpDveEKIQDDf5mi21IZZBoTqJmYq6445ovdhbaVh7RJ3Crqyqm3jPagI2SGNcxCjHNNvIOyyqDCPUESR2oltj6rD/nQLbDdz2o6jaWbvEn5pIwVWG1WEZXUW/8AESDJ7k0meaa1qs92eSaWCMQTGKXqroteER3rok1YWmJ5ir+mqidxmcURk/BDMINUMmKggjJap3A96EUrBLZwwc1JPzUTIxXEfatJK9iEHOe9dzzXVZLZuTHaskvA9lDz4rZsqBpreOBnNZq6RnMSJ+aYXV3UAt7QY7zWUU2xTRuEom4LIUCqt1S3ZVRbTfcbkEmkLmsdk27sAeeaUS76b7sk03XI9rwM6q8+o1G6/AbAgVey6q+2MfelkctJJkk8mrBSrbgYjtUnFSR0J9VbNnTKgIj9NP27yopOCR8zWHo9SC0A/g8U2t6UOSTPauaUUpUdnHypLqtjtzqpZdkc9u1I37v6izyP+Faq6hgJkE+P/ugta2mG3MAeIoKMatsac5PBRmti3ILGe0zVtPc2GGJg9x4rnKA7QCB2xSt+8La7UmatSdI5OR9ZKmU1Vz1SxzI4oEbh/mtQdOtajTI9pirEZHzSV7SXLEgiR5GaNrSJTUpPs0KOsRFcATVyJNSgAbtRyQtspsPiuowAgV1C2C2ekZsyOZgx3odxQvABP+aPJkTMjtzVbhiSW2g/8X+PtXoW5YUSbSaTMtQdP1BxEK4mBT6XNr8H80l1EenfsXMDtIzTgLoJYgkgfipyi4u4jU2cp3XgRkc/inbDwoHA+TSKjbchTtjimbbkW1x9z2qSV4vZzSy85HEK7QO/P3FTMHj9qAh2qchoHmrC8Zg7Z+K6pZbjH0M38qLEFzMT7vNVJEleD2Jq6wDzk55qhAZpnB8HFc6i7pjrGirEcCCPIoO5luH27j2Bq4GwlZwBM1U3CLhI7eKZLrkm/bWBXUOwnAH5oReUWYmi3l3swPJyKVYFVI7is3cdDbwAbmuk4I/aoLAucxJ71YAH5IpEsWO/RE4JzJq8gJVEODOINdJAI4E0XjCEyXDQRBpgENuMdvxSyn3R3pjCqQDzQXY2V4FDbDH4rnsL5wMmrMdpI4HzXMDmRQX5FQBQBj2FDNsTOczTbLJIjjuRQXG4jzxisrekZOgQtKyScGoFndwox3JohtiCSM1QiT3EU7jqlkN2UdCpz+1QsnKiaNbtetAJP271oaXQraIZoJqTdOpBiu2jMXR3rokWyR8VQ7rLxBUjsa9fpVtgCRH2FC+o9Bb1OnF21HqryBiaEW5K6L/pOrPOreNzccB45oXrF1gxj+apwBnNVx7pOfvVE6IEyFEDvUcnFco3D/pUKYcVpSdBSyFtZH6TzTfpSM4FBtoS4+DwK0fQU7ZGSOahyS0jsiu0TL2G1cO2jWNUCYYxNFu2SjbSMzz5oK6YXDn2seO1I5KsoDhTVGnZC7FiJP70W46JbGAZxWVtuWCE3fANUvXmQEMe+KVQbf7llyqKeNDGsugKWGT4JrMaSJqWlz3/ABUTjP8AmrxXtnJyT7O0NaR3a2QpgLyZ81dmZbm3LKc4oeiM71HczRbylMAZPBFSdp1EpGNx2KXVO7GBzEUMijsDjgc5NBP/AHmq6XUjJ06SI2/Jrqn2/wDZrqWvoS2enW8EmRDA8zQ7mo2D3cnz2oBdbW7dIcn/ALwaFdY3H7mYr0JJJdo7INvyT1Rlu2FZY54jNObS9tdxAxNZ+p9thwZwAQDTemdWtKCxJ2iaWEk3dWw7WzmLbxAEfejpcITaIE+aC4PYxGQahGC25OO/3pFF20K/joaN0W8KVbcM4q+4yCYBHc0BS20xgxVg/tE/vTKPZsPd3QyjhLn6lI4rmuKr7SI/NBTDQZAPB8115wPiPig1lxYtxTsITuzkCfMTS7sUuMQJqfUiCSYHfvQ7jIHYTE+aCVKiaktJgnLHdCiT/cTS91yUk8dzR2cRBOPPnNZ967usuAcGs1imVja35Bm+m4k58Vaw25yZjPakuKLbubGpE6wVqhsMeOa7cQapaYMDBkxmRXIMYAGaCXsSv/ZhFcG4aMrluSBS4UbjJhu1Xa4FMEH71TEVdBeckl8EcmeYqWuHiMUI3VJqwZWWJ/ipyjbuORmolwwYnkGofnj81AMADDfIqbjAKCPzSxjGX4pirNEc8Chvbls4B8UZTCmeYoN5isRj4pmmMo5oLbEHAg8U7auDaY/mkrShoO4VoaayWIEknmYrmlFxadHVBNIYssxAwcd6cRc5G4ROaDatFSBEGacRYA+IFI428o60nlM8d1SwdLrrqRCzIpdQYmAZ81t/VNn+vauAcrB/FYyg+mI5zXTBdkmjzpJJtJlUG0VUj3cUS2pMA1RuKpv4CIe0w32wyiWXmm0cqwmOMms/p9/0Lo3fobBntWs2mJuqUhkPBFcri7SaO/jalGolGTcxO2l7tmdxLLtB7DNHKlW3ENgdqGysZ3SSRxR6q7Hvz5ASWIBgmeTSmrkPBxWoljbluRWTqmN28xB+KZRcn2SIcjpO9gwWjEVOSpJWIPiqhGPxV0wp3HFGn5JRfkNomIvwMSCM064jkA458VnWm2uGBin2wufH71KSXay6/HrF5FbqyuSPxSpGYpu5lCf2NVtaO5fUugkAwTVIxl4WyLd5bFdtdWkOj3yAQRFdSd0T7fYyYd90Eg/HFSUCnjIrras7l4jJxR03Nt9uTgyf8V60kptwq7OaTaj28iN8Sjg8RNF6fc22VEcrRL+iuXLdx0tEqok57eaU6YVhu205Hmp0lb0h0nKNj16ZJEiP5oVt5tEf3RGBRdwdiYbzQB7CQRg8QcA/eouX4toFLTQwtzYgBBJ44oypIgAgjzSvqxaIKnHee9GsXWhgEkgiT/2aaVqT7YQvVZQdSUI7H79qgsN8ERQmf3GRzQ2uj1WBGBilk3Kk2aMaVBGdRI4k5oV0Hdj9Pap9QTMBvk0GQHeR2iDH/Ws5XSQHegdyJiTNLagRaI+cGmXf2sAIJ/ilbxLW47zQliTseKcBQDNWKgHFQZ3QRFWMxxFJabuxiFJHBimLV2REftS/AmM1Y/8A1Tyt02B5GDIIPeucBSGgn4JoaP7SCJjkVLOXTCGBS350ZIhjuA+9Q2ASORXAZA4nmjKgCkjA8U+FlG0wSGONwPzV/WMLg+ABU1zJKDNCH5BWW2cL5niBXW5uNubI81Q2wonJM0ezOJESaW+qoeMbY5ZsjbIBYfFP6e0IGCY57UpYIAgiZxT9lPaBBEfM1yX7eTtS0/QYLOf0x4o9oyoIEEGl/cBt/s7GjpcBknGayk1rCOnfkyfqsAWLDd9xE/ivPoT6bGMV6D6rk6SznO4Z/FeftqTYLR3ro43S/wCUedypdm0dakEQSKt2IqLCzuJwIq79qdk1EXZShyMVp9K6kqTYvfpjBmKTKHbIg/E0uUKvEc0HlUVg3DKPWC2hIAWJE1C2VByIPiP/AJrF0XWHsMEu+63BgjkU1rOpraskq4Zu0HiuZwbeGzvhyRcewLqt4WCUU+9v4rKRGknnvNS1175LNkmmxoymmFwmM8VXsuOk2c6g+duXhCxGxZ5NQZj9NWYEnin9HoELIty56bESIzRvwxYwalRmnG08QabPuWZyKnq1ldPfKKT5odr2gHJ/NLJdXTQvXJzPvRp9sCa1OjnbpyP1S5471mXjINbnR7K/6BN2NxPmtGSu2gOr7JB9jH+4j4iuq3+ktnJuOT39xrqXrH0zn6GbbBuXeSMnkVs9L6Tc6pdACn0xG5ojvWV0gJe11pLnttloJ8V9JU2tBZRLShVHYV7nFxLk+TeEcvI+qXVCq6PT6PSHTqQVKEEN/dXzN7B0PVL9h14YyImK+hajWC6x3Sogj4NeJ+pCi9Z9cAw4E9s1bnUZRXRaNB+JAFYLPuLYqqQZJ/xVrY/qcdpznH3qGG11ECImRXk7dDadpArlz2gBjFTbvhODXXJ2jH70tcPpxIP4NNdNZKNXgb9dWMTBqWZS4gzjNIpfKk4zxmmC7PcLAYjvU8yf0T6DDMXCnIgdqGzrukTJGagBim4gD81DKwuMVIUfOKNtUBRd2DZgSZ4oFwy87jHxRslSCAZ70MrtXIrX8qK5F2gxA4xVFEnmfvRBaZjjmi+kBHxRkrDoEFAAM57irW1W4DnPiiLYME4k+KkWYBJMHzQUksMyV6KC1DCGNFIgczVVXaOZNWLExEZ801o1VR23G7ntFWX3CRgVAHtj5+9WnNTk70F35OBA5qXWQJJbE47V0iSCCPxUgSYFNV02N4ToXuGNqk5o1k/p7DBoFwf1TImOIpm2pCgA44qc0pO/A8bbqjQt3FLYPntWghAG6CxEUjaUM5EDPFMK0QsnntXJKtROy/iFuXlKg9h2qxYMQR2ORSGou+kCWKmO1Vs6wPwxHx2p4umit9sVsr9TXFOlsKDndOPtWJa/3cEznA+ae63e9W7bUGAFk/ekrYHpEcmea6IXHeThvtLBCAqogy1Wx3/A7Vy7i4leB2qboEzHeBTJxboOl1SKMYOWJx3qqjA71O83F+KkqVIpe1i5ptqijIFMTFUVATir8z+1WUTmKP2wqOMIvaWfbzNEuObcAHHzU6RSbpMYEmqXJdi0ACeKhJpzo9Hj+PHjFjXTdMuoS4zAlhEYnvTV3pj2W9Vr2ZwR2pDR6o2G2wDu4+Kd1nVdtvZG4nt2plumzmbdXFWLdU0q2DbLXWuO/uPkUIMtlFIwwGDFVu6t9UQdglRzNTcLFMmD8VpJ+wfaA3mDEzhua9R0pVHTrMGSEk15RlkyWk8Yr1+lU/6a0oBACATFVhFKPXyc91Kgw0rkTBz8V1QLN8ACW/cV1Rt/R19o+zzwvFAIAkGZ+1eu6h1htZ0G1ftx6lshTHBx3ryQdQWOJyIrQ0WvZ+lXrQ2kAgQwAivV4+VVJRVHkzi3FTvIW11TUWkI2rcU9zis/qlxepD1UjcqyR+TTnU+o72Fq3tXaIJAyayixmViaXvUWr2ZUlgtZu/0wxiIiKspLKoBERjHFLWGNu49p+J/NFVyEiRzXLG7oLiSRkAmfzNL6khCOI8imJIUGBH2zUX03CBgkdqsmryyjpMQBlhECT+KdQAZEEkRNUSyBBBgzBxTCptHAkCRNTqnjQudEEsvtniqlNh3QIPjvRDB9x5IwO1RcEyTEjwOKVddMWpewDH2GRx2NDBJABAAOcUVjMzkVQQXIkAAYzWT9mVo4JGYHwauqbzGBVgAxJEGpAg7Y901lLvoNOwYHfaI/muCg4aRmrq5kggRXEgkRz80JK3rQFfZooVEyCCKkKJyob4ImrDySPsa5sAkYJ5imaW6SGe9kBAswBtnxxV9oKyIIrtxYLA/NXU+0z5oZRml5ZQKHMCCajCEZ+81c4uQPvVCCFJPNaVuqHTFYY3GOD+Katy0ADbS9olpJOBP5pmyxHAk9iai0y3HlOx1LhPCyQPFHP6AZE+aXtGU3JyMTRy/tA+KhGTWKOhRTVCetTcpiCY7CkbeoFgEiJ4intZcKo2e3FYp9xkjPerpWvkiPI+rwXu3GuuXY5NTxboZPFFBAiRIFXi14Fj+NlwwQYUftQ7twOQAQAa64+8wMVyL7gIqUrbvQyvkd6JAAEAfmquzBvxiavccbMTzVQRPk+aN4zopJpfEqoLGYjzRUgGDgfFQFLRGZ+aas6G5c2hbbMSfFSbvBbi43YRttiy+w7g3BpCPcWgc8Vrarp2ovEKqgIowSQKUPTb4IUpP2NIl10i3NO31vRSwItG6wAAwCRS1y7vnM95pzWae7prSqVOwR2xSIng8eKaMX2bEnJYijkEGYxHimCZEACI70FWhSOR4qxJA8Yp5pp5OXMdFEDeosKDmvYadSEMCJ8V44GSB3PFPWOs3dN7XUsRiZzTOSUrZHzfo9WoQgZX9q6vPD6kaB7D+9dQ/S4xu8/QAq24jlt+RAwPNVt7w729xAMEggZogULfgAAR2oZxcEYk11uaTaSIzTW2Xdt0knAGTAqqksxltyx8CqWc347Qa58MYx9qhCdS6pAUU2orBUwl8FpbcPGauNwInAPaBQ9R/vF+5ogyRSykouq80FxaXey4G4Ln96KqlmC/z3NDt5Zft/wA6MvY99w/511RunnBBO2wLKeTM8wRxVwDyAMiuuZYfPNUtn+p+a5pUlZmkTuK4LRECK65KvNDNScsaM0lTeQ+AcTI4qqK0btn8VZ+TRGwyDttNFNPI/oqg2qVY7Z7gVIADHaY+YrrnNVHLfeqzSi244wn/ADDKDvf9DlQsB35zVhaCKSTCnvU2uB9jXXcoo7RSPVexWmnslWBk+IE9q5lEnIIqqiCKg/7x/vSTnSSGRIyRHFWZyVI4g8RVbf6F+9S36j96RyTajQeOFtysspO6QfdQrzRaYnBJNXsfr/FD1X+7FV5a4pUgxAW0OI4pq3Kt4pa0f6n7UfTklRJnNTiuyKrZpW/aZ4Y+KrvlRP6eCRUz7l+9Dv4sn/3f8651JOotFE5XSYnr3GwRMnsazj8imtb/ALxaWb9S1W+uiPIneTgM5qxacZq93Dj7CogbeKdZSk9saKukibdnIzBn+Kes9PvXsBYHO84Aq3RkV9fbDKGEdxNPfU7FLm1SVWBgYFNGpOmi9/px7CP+k0llQL18uQYhBirLrNFYcC3pfUJ/ufuaSsqDaEgGjdJAbqVsESJODVZdYJRolGUppuxo9X1CXALWmt23PELXXm6iylnuraEgSpGP2rvqMBep24EYHFBV2I0SydpcyJwc1OLSeRoJyWWXu9K1J09+410t6Z48/NUOiuIwJvMqhQxhc57Cti0T6WpE4LvI/JpXW4W9GIZIirSVtSISTt2xHSX3LahGZ3VEJ2tgms5f0kntWrYYjqGqgkSn/Ss/UD+oPvXG5qUdeSnHHUgK8AxINWnGYqlsn1AJxmrMSSZrR+T6spWO38Ch9sETP2qy3Vcw4z2JFSOPwKG1RvNMnIL6X/pP4YV1LyfJrqNgtn//2Q==","Ronil","M","Cajan","ron","Plaridel","2021-04-01","33","Married","Female","Purok 2","Yes","Positive","19512659595","cajanr02@gmail.com","","310 W Las Colinas Blvd","1","");
INSERT INTO tblresident VALUES("180","","American","3110202209345818052021113745sl9JaS.jpg","Ronil","213213","Cajan","","Buena Oro","2021-04-28","29","Widow","Male","Purok 3","","","09000000","cajanr0222@gmail.com","IT","310 W Las Colinas Blvd","0","re");
INSERT INTO tblresident VALUES("182","","Amazon","person.png","Shandre","Anne","Yap","","Buena Oro","2000-01-25","20","Widow","Female","Purok 3","","","","shandregabagaks@wireframe.com","IT","anywhere in the ph","0","");
INSERT INTO tblresident VALUES("183","","Filipino","data:image/jpeg;base64,/9j/4AAQSkZJRgABAQAAAQABAAD/4gIoSUNDX1BST0ZJTEUAAQEAAAIYAAAAAAQwAABtbnRyUkdCIFhZWiAAAAAAAAAAAAAAAABhY3NwAAAAAAAAAAAAAAAAAAAAAAAAAAAAAAAAAAAAAQAA9tYAAQAAAADTLQAAAAAAAAAAAAAAAAAAAAAAAAAAAAAAAAAAAAAAAAAAAAAAAAAAAAAAAAAAAAAAAAAAAAlkZXNjAAAA8AAAAHRyWFlaAAABZAAAABRnWFlaAAABeAAAABRiWFlaAAABjAAAABRyVFJDAAABoAAAAChnVFJDAAABoAAAAChiVFJDAAABoAAAACh3dHB0AAAByAAAABRjcHJ0AAAB3AAAADxtbHVjAAAAAAAAAAEAAAAMZW5VUwAAAFgAAAAcAHMAUgBHAEIAAAAAAAAAAAAAAAAAAAAAAAAAAAAAAAAAAAAAAAAAAAAAAAAAAAAAAAAAAAAAAAAAAAAAAAAAAAAAAAAAAAAAAAAAAAAAAAAAAAAAAAAAAFhZWiAAAAAAAABvogAAOPUAAAOQWFlaIAAAAAAAAGKZAAC3hQAAGNpYWVogAAAAAAAAJKAAAA+EAAC2z3BhcmEAAAAAAAQAAAACZmYAAPKnAAANWQAAE9AAAApbAAAAAAAAAABYWVogAAAAAAAA9tYAAQAAAADTLW1sdWMAAAAAAAAAAQAAAAxlblVTAAAAIAAAABwARwBvAG8AZwBsAGUAIABJAG4AYwAuACAAMgAwADEANv/bAEMAAwICAwICAwMDAwQDAwQFCAUFBAQFCgcHBggMCgwMCwoLCw0OEhANDhEOCwsQFhARExQVFRUMDxcYFhQYEhQVFP/bAEMBAwQEBQQFCQUFCRQNCw0UFBQUFBQUFBQUFBQUFBQUFBQUFBQUFBQUFBQUFBQUFBQUFBQUFBQUFBQUFBQUFBQUFP/AABEIAPoBcgMBIgACEQEDEQH/xAAdAAACAgMBAQEAAAAAAAAAAAAGBwQFAgMIAAEJ/8QARBAAAQMDAwIEBAMGAwYHAAMBAQIDEQAEBQYSITFBBxMiURRhcYEykaEIFSNCscFS0fAkM0NisuEWFyVygpLxNFOTov/EABsBAAIDAQEBAAAAAAAAAAAAAAIDAAEEBQYH/8QAKxEAAgICAgEEAgICAgMAAAAAAAECEQMhEjFBBBMiURRhMkJScYGhBRXh/9oADAMBAAIRAxEAPwDkR9sXWHERMd6j6bcGxbCjxJrdp8m5sFMKJJTPBPSomGWGMs80UgnkAHpSm6RDBLYazRSCUietXWoGJQy6kkpiCoEVU5eWr9pwADmTxEVc3qjdY1C1AmAOR2qd00Qj2QcfsFemfYk1jhSBcOJPongzW/Dgqt1tg7Znr3qPYkM3ykkyZoatNMh9uGvJviZBTMQOtWOQQlyzbjgR1itGWZSHAr8MjipKEF/GbYkpHBq+kizXh2UBBSepPbmvYtIt8gUgJSmTIJ6VjhjsuFBRj619f/h3xPET2PNU0m3ZRIzSNz6VwEg9DMVc40hVkj1SrptFVOZUHGWlFMwOo7VNwzhdt0BShHzPQVPBAp0Y8P3mtECeZV3ipmVZDGoGyZJJEk+1VulAEZkiQQroferXU4LOVQUkbjH3pHJKVdFkrV5D2ObI6QAJHQ1uwP8AFwawB6kid0V81E2FYFtY4kDkieflXtKOlzDvpkFSepJ+VVC3GimRdHN+VlnkkIWozBjp9a+ZRidQhahuAVwQY59qkaWWj98OAQFBXMDrzW/UDUZhCz6vVyCOPrV21P5ELpG9wiU+gd+1OfwwIVpa43kyN5HEcAn/ACoFssa2/pht9JSFJX7cx7f0NHHh8gt4a6CSeewHTr/nT4aiDLoqtIoS3m2wOkEBMfL+1Rdep87VkFXo8loAAfNUn+32qx0mlIzp29ATUHXKkp1VuBH+7bHHXqacV5LLUwSjSsE8naOa2aHTGFOwgJKjJjoYFaNVOE6fQgAjcRwOalaYcLOEQkkTBkJ70Ouga8ldptsf+I33AhJlSiSn5zWGtEoXmLZAgq4j/X51K0wgDMPlIEiSSfr2rDUifNzrZBkJiQTRXsJEPLoAxjoISFccnpUjGW4YxjHrElPQHitWZG+z2bUmVCTW9KCixRyU7UdTVkZr0wwkqu3QN5JiPapt40FZFhEElIn6V7TjQRZrUpXqKuIEVJSkrym4gSB1qFLsj5U7bVwSRuIAFQLhooSAJ9KJNWOSBcQ3JJlX5VBvFDc6EniIJNQryQrJoM2Xb+Iqa12zQTdPLO2QParFCNrTSYkpFaU+hlc8KUe1QtWyOm3DjrQAmDPPWpLiNzbkgEExA61iygB0rn8I6VJQgqbSeIJmoFsp32kKuAABCE9Kj3DY8ttMSSanmXXnFoBiY5rW6hKr5ATEJHPFQng0OoFvZOKABkQAa9ZsBiy3yjdBUQeYrLMlPlNNJglaunSssmU22PV0TuG0TReCn2U9kypa1uSTJ6jpUTy0P5QnvMVaW6fh7ArK+3NRcOyHrguEACZPMVd0yqLlbKUJbaB56iKO9K2yWrC4uFkJhHpJHeg+wSLi4JHIT0nmihF0LewSylUKWeQKdjkk9iZJ1QceDeF/eusrZ9aQUMqLh4+RphZS2OrfFW2tEEFDTqGxHWEmVGhfwfum8Fj8jkXOClBSkkden9I/WjzwGtRltU5DLOiSgKUVEcblE/8Aeumqi+S/qv8Asw7b35dD+Q0lCEpCQABAr1A934qWVtdvM7Z8takT7wYr1cnhP6Oh8T8JtOPKZu3W94gz6YrRdJLGb3BIEkTJj70QW2AabeLqXDKuK3O6YRcrDhcXHyg1j5x7Nai30UeYSpxtKwY+c1ZWjhdw5TKRxxFTrjTCrtnb5hBAjpWdtpx60YDJWFTxzzVOcerLcGikw6ttzAMjoZE164SGsjwgSTxxAq5t9MPNObw6CCewrK+0tdPvhwFISPeq92LZPbl9ELKkrabAAJHuakYu4KrJaFAFXcAVKuMFcrtyBCyBxFYWOIumWlgp9RHSRV8o0VxfTRXWR23ChwOewr2QE3KSR261JGEvPii55CgO5BEV8yWKvVBBSw4op6hCSanJIqmZZBajYBazCR3ImpmnVhdoodeeOKh3FpcfuwgsrBieUmf6VK0w2+hhwKTt7DipqtlUEuBUbfLtFcJJ71famSFvsrEAzPuYoexgUMk0tJkntNEeo1BbbagBPyHNJ3z6J0Tckj4jTu0AqT/LPQVG0Wnew6ASCpJ5AmpakoXp5SSAZR+E8VE0S2tCHiTtb5EHnn60KpxbRDLAJ8rPqT0G489qsdQNzkW1jk/Wq+yBTn1EECVdgYH5Va51IVctHk/ari/kmQPsQsDSRbmCpe6YjsKL9COq/dV1ETMCCTPFBOHVGk3IVB3DoenTtRXoh4jGXQQZk9PtWldAs06YVsy4WBxuMJHQD7VG1ekvah3p2x6eFDrAFbtOOE5WSs+WSY4itGolJVnlASQIIgTFFW7ISs+4E4xsFXSOgqwwTo/c0p9jyRUDOqR8G1I4J4BqbZr/APSQU8CDIIqVZXaMtNJQi5dUr7Go+VX5maAncK3YCNzqk8qPUT0qG+6XMs4mCCO9WizXfgwgKnkz0qVdjZa7ehKY5HNQ7lX8ZpIBPPWt9+6CkkcdARVkoscSylqxaBUZJ71sYP8AtDypBAHFeYhltmQYAk18ZWAhxXCgo1CvBpu/W80IHHJqE62Tv43Aq6VMdUA8tQJPp4FRWCVlIUfTM88VC0ZLA3mOgTwBUW7QoIbSiDJkg96kg71qWSODFaXVlVyADwB1PFWQ+AKbt1KEcmDPapSwG7SVdk1HdWpSWUCE7lcz7V8zDyGbIpgwTBg1CEWzaUtHmLUlM8yB1rG0Sl151Q7mBNbEvBjHkgzKeJPSouOf2Nncv1Hn2moQwuEi5yqEQQltMyKiZ5xDvktJMqmYPatlvdBDrzpJVJgE81XXjvn5QKkHYOp5okUb8kfh7NKBAWYHStlo2LWy8xRAVHtFV2RuQ/cNNkgFPJmpV0sKbZaQSFdwauirCDBoPw/mFISVcyO9WtqtT9zyJ2d6rLNYbtRwQUjt0q+0bbpv8lbMuH/euBPTtTsceUkqFykkrGPdoVg9IW1u4nap9XI/Wm54bXCdFeF99mHxtUtKnEnb1EQkR9aVWtLhvKagsrBg720BLcD3Jiir9pPUCNI+FWOw1urynLpSWiiQOAJI/r+Vb8i4Qr7f/Rji+c0jmXKa6v7nJ3bwvGSHHlrBLckyonrXqB136t6uY57ivVh9yX0b+KOVRnH7c8OmQO5rczqG83SHlAGvuZxKUtIcgqVMekAcVg3i/PsS4hX4f5ZrE1FLY5Sa2iza1LdIggjjqDzNbm9W3HA2JCpnnqaqrbG/EWwUQsKiJSeK0WeOUm6W0pW6OkUPCL8Be47thXb6oeTG9sfQ1YJ1cYB8kFI6xQZeWdxb3Tfq/hHuk9KlLtLkW52rKoPIjilvFF+BqzSrsMLbURfSootQoDuDWJ1I0klK2DHsIoXsG7xthRQIUodCa1tv3TpKSkFSTEARVe1HpBfkSDBGqLZAG5hwDsIBj9akI1VjoAUhaY5nbINA15c3FqoBaBPQcVtNy61bBxTKSImJmKH2ItE/Id2MBGpMa+ASopT23JipTGYxe2C6lIn2NLazulXLRUWYA7kzU63uw+2NrfMxI4oPx1emX+Q7toZLOTxAWki5bBPSYBqcb3G3KB/tDSwenqBpXsOBx4p8vlHMmrT4YvBKvJISr2Ag0PsU75MZ70ZdpDDT8GtO3chaY/xV8tLS3tSQ1CAeYHegO1sisKKUEJQeRVpapaASCTuPYSBSpY5RVWaE8L7oL2LZlm5LgmVdeamuWrdytK1LXx86CnnVMpC0KUY46nisG8jdocgvOJMTtngVUYzaKfs3aQz7d5TNsphL60pUZ6USYHMrx1otlL07+qtvIpPWl/k3D/CeLo9yOn6VZW2dyG0FbwSRx0EVa9xLTLWLDJbQ3cXdotXFrU6FE9JEVqvbsXd0hzzUEdweDS5tNSXriT/GQvaPUImPyrFOpbpTn8qh9KNZM12T8fCxm37ztw2hAWyW+I9VT0XXl2YbbCCIgyrvSrc1PdpaCi2CB2rC21heKPraG32ovdyvYEvTY06scWIcUllagjcs8FKVCoVxbLRfLcLC0KI95BpXp1e8361tCB09UVuY1+48mVsbf+YOf9qP3Z1tAP00E+w8YeW7dJLlo43HG4prZcr+KcLYZcEH8W2KBDrtCCDK49galt64DhlLixHWi92f+JPxof5DDXdNJbQ2tK1EJAkCpDPlIZgkgHoAOaXC9cJTChdKHyqTba7AJWLxQI6iOlWs0n/UH8aP+QWPPptw+uSUjj51rs7pC1khRhKed3FDqPEFp0EKvN/MepI/yrcxq9lSiPPQeO4FR5qV0UvSX5Llm5beUQHCVTymsg4244oJX6wYiq46nZCZC2oA7AV8b1SOqFszPdINEst9gv0sl5LJS0/HpQs7YHFUes8kq1Nu0FRvJMmpytVBa0qWm3Uv3ioWYyVhlbdSXWmFqiNxMbfvVrMn4J+LKrspLzUaHrcNodAKBCt3Q1GRqFCGoQ6ndECapr7TilGGbhC0E/4qg/uK4SQiUnnjmmqSYh4pJhGxllNt+pxKjMk9q1IyC/NW4FoEnpu7VVPafvDEhAA9j1rT+47kKgQPcbutEpUBwb6CB29Uq4kFPTqams3264SowEJHJJoUXg74KBj6Adq2Jwd8E8AwRM9ZqckWscn4D399IASAQUn2ol09qJqwfbeSoBSek0ohjr0MbQFCO81saRkm0iN/HeaZGfF2hUsbemjoDSeqGF6rtrq5fEhzeN56kAkfrQx+0B4kP601EEIcli0TsQJ4k9T9aVansi2iZVu+RIqvU8+64ovFSnD8+aa8rlVgrFxdsxLhJk8mvV9DaYHP616i92H0Mpiav2POsloJmBxUDDI3MKT14iYojuGwWpPJWnrANDdggsXbieSmT+L/ACrE32iiZikfw7hG0jYriR1rUptLeTQTyVjnjqfaptik/vVbfqhxHH16/wCdasi2pLqFRCkqmB2of2iGzKsKctAvggdZqSw15lvMzKdxjntW5bZesTO6Y9q9jD/sjZ6AEpoVJVTZCPjY8tRUCkTArWuGbw8hO7mCJFTmGC268D2M8VHvkFb7Rjb8qK/KIYZFsPIQoACOsCtrVsl/HuI2jYB0itjzX+zAlXqnoBWdk2FpLYJQSJIJ/WqfRCLh2QlJbIEnn1VKtGUs+YlLYT6555rCwYLbxhRJSevarFFsd7pSfnFWkQscdbNO3ZBQFLUngRRbYY5l2zQShPp46VR6XaKr9kKIhQI+vBotxzZQh9v+YK79aRLkt/RP0R7LD27qn2vLG3r6RFamsDbouUtuNzzAFXdohQvVIV3TP1ra7bFtCT33fehTqT2Qqzpi3SwuAT6p5FbntMWpWVCQPLIMe9XKmirHXTm78AB+UT3rZao+JZSQAQU8Qau2lF2WmS/D7Stu/bOqjlIHXr1pmL0sw6hSihJWWgJI7dqFfDVkRdcmQAI6kmabQtEpgqQqS0DP2o4VJMByaaQLsaCsXcPZpdtmTsUo8tg7pJ9/rVNa+G2LeuLxLmMsXUA+kKtm1R+lNMNJaxVmpMwSrkdOtDyH026L1xHrKT6oPNOcVaAjN1oDHvDPFqybbZsLYsAf7sNACY9oitL3hfY+Yw0i1aHqiEAgR7QKLm9TWJyrYW6hpUQCogSY6VZW2Vtb68tChUjcJIHA5oIwTp0F7kk9sBM94NYNp55IxrMQCna44kdB23VUO+D+MYsmfLtfXBKpdXzzx3inRl3Wbp5xCFBcED6VByVslDSEDkhPYUTik6Ljkk1bYmf/ACosPgnFItXEKHQlzgfSoeL8KrfJMvEqdQtEBJSQB/Q0512qWsMtRTB5MTWjTln/AOnqWUwVK71SSCeST1Yq8Z4NtXd8WHfiA13UlQPbt6ePvUG98G7f4zyUuXSEFUSFJJH/APz/AGroLA2O519ZBG0d6h29iV5T1R3PAo9EUmc85Pwgbxd+Gmbm4cSriXiCR+QFZ5Pwtcw6WPLfU+lwf/1bYP5madF3YC6z8bJG7ivahsSvI2zQRISBzFD2Gssl0xN33hbdYzGM3hu1L8w/7ktcJHb1T9O1Yq8Mrl3EKyCb3a4gj+CUGFf/ACng/anXrK0CGLK3iCUyR37V9y1r8HgGUJAAX0EdaPiT3JPyIK00JkMjaPOIuUtFH8pB/rUbFaIvMmXEJeSCkEkrJA4p8GwbsNOqVsHmKEkDv8q04PHJsMRcXSUbJE8jrUSI5tqmI3T+iLu+zItVqJSlXqWJ4Hy4ogvMC3b5sWtsStpJg7gOPvTP0PhG1OXV2tKoQCrcTVLjsSm9zdy8UykLV1780TSFqb2BWdw6lXdtbtrIEdP+9Y6i0wLK1tkNqi4VwfejBmzN5qE8EtoPECK1ZVk5DULLRgJZMfrVqvJLfgF7vTr1lh2U79rxHVR61c4LSy0Yxtd0QXlHd0n7VbZm28/IM2zc9h8jVzeW3wVsEpVJCQOkzRJJ9ktoFcTpc5C/fAbAS6tLbYI6EmJot8Q/DbHYvNYu1x/8NYtkpfJPClSAkn58H86JPD/CJfvrcQIbIfWSOsc/5VfaSx6tbeJTJWSWhchXHMISeP6VthijxSkYp5p8m0+gV8bPCDT3h34XYG+QtbedcfQlZK580KSd0g+3B4rmRzal9RklXy711B+2FqgZHWFrh2V/7NjmSFCf+IqPn0iuXLwlKyY/+tZHVt9GvHy4q9msnk8V6qxV4dx4HX3r1Kob7kvsB7dHn4hDgTO1W1SRVBds/D5biAFjp8xRVgUb7S9ZKBBG8DrJEVS5i2gM3AR6gY79KFugD62PKvLV0qKQFjcfl3qTl7by1vCDuSo8nvX1Fl5rCSAd496tr2zNypKymCtAJn371Xgsg2TQdtANvqKZkGZMVhjLULRcJg7m1BXSriwsHEW7e5KupTKfap2PwxSp7Yk7XEkE0pRvf2QpWrdRupI4Unn5fOtDtt5oSFA7Ung+9FmExLl3dISscj09Z4rG9wyre4W0UFKkr6ijjpbIDK7dIbUgJMnua2WVqlKgPYdO1Xl5jFJWncOqetfRjvLt2lbYT7gGrqrohQM2pTeOdgP5Y4q4tbFC3FkFRBT0PFSbTEKWu4JH8spjqKssDjy9dhJIAKSAfeqUtJspulZDwA8rLWXsHUoiYkkxHT5xRu2x8Pk7lCkdf5jJoUt7dNpetr2ctPJX6vkoU09Q4Ndjqa5ZWjaNoKUxHEdf6/lQT/iwbXJFIbX/AGttcclP2NSrmzPwW4GIWOn+uKl31gtpyxVtJTEccCrm5xa//Dt0+G93luNg8wBKkj+80inyLb0VDFilzD5YnqGEqE+4P0+lRLBKUMpCv8J6USYrGF/D5okbS3ZOOyRx6UmhdgtPNJHmBJSDz059qZ/WJF2wl8NrkquHkNkbdpJJ+opsZHPmyVsUAtHkBRI4Heeft1rmSw8UMRpX4hTuQUl1JUEoabK1Eg9IAP6xQN4gftEZ3WF4ryFDGWXlhtLLUqI+Z5iftxP0p8EqaQElc0zqHWPjRaad0/Zts263Xd69qyuER/7u/X9KQ+o/HS9vhcoLCGS5ylxm43n6fhFI13MvvqKluKUtXJKjyawRdOqVuSmD8zTHsuMFFUMdXiheruJVdPpCvxIUrzEq/MGPtVvpnxFyODyNvf4268hxtYWWVSWXR3SpPafccilizeqaG0iZHIA4qVavtpcKuUk/Op0G0npnVGC8crLKXannR5DzrwQWSSeT0MxHWi+98VLXzFo3WylIbH8PzhM/2rjS3vHGXvMZeIWnpPFX6NXuqBU9bIdfI4cUrifpFU1ZEkdVX/i7il4hLAGy4KTIUOPbr86ItF6mxuQxzDKXQXZJIURxzXHn/mrdu2qbW6sG0bOEuIdK4+xSP60U6Z8aXsStIOOtX0J5JF0UGPpsPNVxopq+jtPDsEWl04Ig9DUW1YWLp1cSAnv3pdeF/jljs5g1Wt438G+Vj1b9yRPzgGPnH1im1i7dFxaPvt+pKuAexqdaF21tgnYWReze8z1np0rabD4vUTSTz6hwO/NFeDwhVcXDpSPSnrU7SunVXmecdKSUtpKiYECiSI5aYDassDdagZaCTI2jcO1Y6qsh5lpaoKoEcdaLrfDKyepvMKSZUTx0iouTxnxmpkoCQQhUcDrVlqS6BDVVoG8bb24CgokHaKwzVl8BpdpATtU6QkD9f7UVZ3Cqvc5bW6QeCBz0r5rPCFVxaWCQOAO/NRFtrQLWFmrE6MedUDudBTBHWqPT7SrbHXD60bUmSeOtMnxAxKsXg8fjgkBZSCR+X/ehnPYr91abt0FO1TnHH0q5KmVF2gO01bri4vHSIg/SaiYayVdZZ+4WgnaSRRSvGGw0wFKQr+MJ444r7jMSbDTjlzsO5z8PufaoEDuGsPj88p3aShJJJPyq7yNiLm6ZZSJK1cj5VZ6Swy2bO4u3AJWdqSP+9WWGxnxOSefUCUNegKHSaYoinJMsrC3VgtO314EQpxPw7ZiOo/7/AKUZ+BWDTi2MxnHgEoYahJVzHG4/f/OhjWKihjF4tscIBecn3PT+pon19fq0P4CLabJaucmnYSD6gF9T79IrbKTUW/8Agzpcmtfs4/8AFHO/+I9VZTIq3g3NwtZJPWOB+gFLrKfwmSoc7vY0TZxwOPK6AfypHQUHZl4Kd2Ht+tYV8pUzpajGkioJMmVqH3r1bNvyH5V6nVEVsgYbH+RkEeYkhC/Sv2ivl7gErbfZHBSpW09fpRJdY1VplH0FO0Be5PECDzVhcWgcdSQEhS09qx9WWnsEMBh3XEIQsTPsO9HWb0MbaytLhpKikQCo9Oek+1bdN2ST57JG1xCwUn39/wC1Oiywwznh8+A2XLhDa9iAByts7kj/AKfzrK51IPoWivDN1/w5azzTYUEFwLSkfh2OFKv0E/cfOpfhdoRGpF3tuUhTzIQ9JEcGQe3PQfnTz8FWrTMaazWn7hoqaSoPHcIBQ6khQH3QfzoX8BGBhvEVvHPoKUupftFA/wCJBkf9BoW3X+mX5dCy0h4c3DHilbadfQQX7tTQIEbU+WtafzgDifvUrxW8On9Ja6et3mY81lt5MjggDYf+kcfP510Z4jadtdPeLWlcywPL89TZMERvQ4lP/S5Rf+1popi7tdP5ppBS42+u0cKRxtWndJHflAA+pp622BrTOP8AxP8ADK600bB5bRUw+CEuBMCYBAP1EkfSq4+Hz934fuZRDLpbaWqXEpJ27VR7dDzXXfiRgLbVvgUxkPJS28zbM3O8dtihuH6EfSoXgPpGy1V4bamw1w0HUJfWnYsTKVtg9/nVNv4sFL4vfRyj4e6Dd1C9fJQNxbaCipXQCY/y71r8OdLrymqrezS1D7nmjYT0KUknt8jTw/ZwxIY1ldY64A3Ls3W1CI9aFpn/AKTUrSul2tO/tGfBeXFuL5xrkjnzWN8gdeqiKB6TtjePZz5m9KOW+o8rj1trDgeUgNhPI3DckfkoU/vFnw8exWfxl4tCh8VapCjHBUCTx/8AY1I8Z9HsYTxcZvNhbYdbtXiQPxKDikkn7bf0rqbxG0ba6v0lZv8ACXrVKHWlHoQQOD+dM7tIS1qMjkDNeH9wnSeFyhahBfU1zzwZj/p/rRTjfDW4yfhPqW9S2dzJS4njiEFK/wBY/QV0RbaLt8j4UnHPpQlTK1OoVH4SFkj9K1eF9mLjSWexKWiSqYcH4Vb0QAD7jb+ooI2nGy2l0cwaJxVra2OoXsifLtW8Y6FrIkRHY/QVy3qbWbGmXGEvurU6hsLNux+OSI9R/wA/rXcl5qTRvhgxm/8AxndWFniBYuKdbddHmK4/ClvkrJBICQCTI4NfmBmb5eZunbktLt0vOLU0yo8ttFR8tJnkQnaKZCLrZadsrbp1y+uFvJJBWoqKSqYkzHzrV8OpXo556xVrZYlaiCEq/wA6IsZp8KUgrQoGfbpTLSDSbA1nHKWYA5Hz71Naxr7SYUgx8hTTx+krcpnyE+rqTNX7Ok2nUAFA3R0I4NKeWKdGmHppzViOUl1qYB46zWBKkgLSFA/Sns9oC1f5cYMx1SOKr7zwvtHEKLaSgxI470KzwfkN+kyLwJ5ClCSDCq3M3ju0DfI7ijW/8MnmdxaO8D5UNXmnbq0c2loiOpHanKUZdMyyhKH8kQ+Hyd4Ed+aw8ldt6mlAIPes1MOpVtLYn3HetjKFI9KVKCh0jpRCyZhc+9jL5p9ogPIIKXY9Q+hrr7wW/adwtzhrfA6jZVib8O7UZBtI+GdB/mUJlBkwYBHfgdOM/IVvhUT/AIqs8ZchCwlR3IHXioU4qXZ+t+nsD5uj7nIjaUvLSltQIIUnjkR9aINGabFphcpeKEuONLQj8v8AOuM/2ZP2hb/EY200Lk3V3OGW+VWbqiCtgklXlz3QSZEyQeOnT9AMPatpwNu2jlDjQVJ77hP96IUopaYv9IaRSH7y7cTCWmyBx1P+hVdpPRhyOafuHB6UAqKvnTZt7JFvZraQANwM/esMZjkWFupKRBUZJFQtR0K7TGi05LVK7h1MstEqk/pWoaRVmdfrBQAw24qTHQJMf2pr4zHN2DagkQpR5PvXyyxrdrcvvgfxHDyamkTimhK6+02vPa3btGklSG1pQkAdeATQ/wCIGmHLjUFlimGySFJRtA5mnvjcI0c/c5BSZXuUEk9ieJ/L+tVdjgkXuubnIOJBDBJT9fwj+9GlvZVbbQlfEnSLltf2GGZR60pQPT86+6/0kcJaY/Eob9QQkqHf2H96b5waMz4kru3UBTVsNwn/ABJAA/Uk/avZHCIzviAhbiPMat9pMjj0jp+Zok1olNWLDM6NXpzA2NpthZaC1DvP+pqViNGuYbEWZeTtcuf4yuO3+opn6mwqM3qS2ZUCpACQsDskSTU3U2LF7cMttgDagISI6Sf/AMo1JuhUoXaExa6UVnc95qwdrrqW0/JPAoW/ayzYafx+Fb/3Nq1uCQeN3HP5cV0m1grfDFlxKRst2ySr59zXFfj9nv3tq3IOqXw0PK3fPlR4+4oMk7VDcMKlsQOYdHm8kg0I3DinbiSQeoHyq3zT24rUCVGeSKx0lpy51RlUW7SSUyC45BhCe5qQX9mOk/BVfCK91V6ui2fDbGtstp+EB2pAk9TxXqH8oL25foT+qdqrTCPwlLz9m0paknqsoSVfqTUFN4hxTYKhKRBmqbKIz9xZ2zbjbe1oCACOnWP1/SpGmsfkHcq0u6ZCUJHAjrWCWRRVlxg7pjAw+CuW3mrvygW3GyCAofYxTf8ACe9S7Z5CyWAHWVpeT8wRtP6hNA94m5RgnE2YT8YGj5W+du6OKXmi/E7UmJyC7+2xwVcbVMKbvUL2ndBkpSpJkEDv71jxyc1YySSbidL+C91Z4TxAv7B9xLSX0OW6dx4UUKJH6Sah3VgcJ42Xd3bgG0YyjT0giAlbaN/6qVSFV4g5l/VRzCsSGnVvpeQ0wpUJhISQCQesd/enPh8gm7sw84lba3UhSt/Jkj370eTIo2l5Bim3bG3+0PjvK03isswufhL5EuJPVtYIEH/3humB4mXzetfANOYSneryGLw7B+BQI3x9JVXImqvHDLIs87oa6sFZOzZ+HXbXQWdzQ9DokBJ3pngdIg8mifRf7VzGD8KL/R2X03lLu4U06yzdMqbU0UrmN25SVDn2BrbCS+LYHB1SHJpjO4a98DL7F318ww9sftG0rWAtRIJSAD1PPaoP7LdypnUGbtHpSXrZtyD3UlRB/QikXojKfvRtl9aRJTBBHIPf+lEWJ8ZWfB/Xti/dYx25RcMLCSy6kLdSTBCUmBIjuZ6e81kWVylwS6D41d+S90glGB/aJU2kQl7I3LPJiA4kqH9qn+Jhb0347Wl5ATuds7kkj3UW1H8hSt1R4tW994pI1ZY4+7s7NNwzcKtrkI80bT6iNqoHERJ9+1W3iZ4u4XxT1Ti3sU3dNPN2q0uJuQhBKd6SkgJWTAO7n5inSaVvwUu40Nv9opu3c1HhblO1TiGHWyU9juQpH9DT++JRf+H9m+kgoXasr4PHRM1yPg3E31ooXTpuVq/Ep1RUon6nmmrjP2g9IY7w0OJeybZy1mhVubNqFL9K9qehIAPA5IpeHMskmFKDjEbiAlWgskARtDTp47cTSux3jRp3w30rqnI5nK2uMtMeyH1u3C4MmQAkCSpRMAJAJJIgGaXmT8chpzR9/mMncLQytP8ADsG3SQ4vsgpBg8xJNfnr4ga0v9bZdVxkylULLiGQvehpR9vc8xNOxyWR3XQE4SiSvEHxBvvETLXF9cF3y7h0uAPH1r5MKUPf5dpiqvD6ZVdOb3EenrzWensV8QtLrySUe00wLCzS1tCQOOhopzUFofhw8++iNidLttlJKJiiXG4BkclAn6VJsmeE9/f5Ve2lp046/nWCeRvZ28eGEVpGm2xaQ2AlI2+xqfbWKVqHPIqXb25TwQI+dWllZJKgoEVn7ds1RjRoYxBWACOKsEadStv1JH5Vd4+wSsgkCrtNhtTwJFRVYb32L64021JBbgd6GM7o1i83hLe1ccKj+tOF7Hb1fgqovsQQJKRHypsZVLRly4+adnLeotILYfIS2UlP8sf0oWusVcWzpC07SehNdI6w0wlVupxtJPz9qVebxKVAJVIM9QOR9a6cJ8kcHNi4bF9btgrh5UgdQanXGK8u3TcW/CD94r7f2gYeKVDbHE1OwhQpRZUshtcBQ7U4ysIdE3ah5aQS2oEFKo6H3r9E/AT9oT99afwuAz7SGMu2gMN3TUlm6QkcHn8K4HIPtx1ivzxskfud8pUkFPVJPFNDw88S8ZYXdm3fvuWtv5gC3Ut7wyoEEOccgcCYB6z2olrRHtaP1HP4a90TS4X406ftcdYts5Wzyl6thClqtn0KQkkDlRB4BmrzT2uG8u8lt4tNhX4VJ4E/c0LaTplU+wr6CvDpXlEAUPZrVTeNvU2qCgqABWZkj5VC/Oi/bQEAwIkzUXH23w6XVkQtxRUakNPoet0OpUChQCgZ4rVeX9vj7VT1w8hpodVKMUV6YNdEPCWvlLurlYhbq5+3X+9Y4RgKuLu7I5cXwfl1/wAqqbnXliLZSLUKW4ZAJ4A+dZ4nWFl+7XUuOBh5sGATwr5ir5W2StWy4sbbzMg/dET2Sf8AX2rYlvzr5Th5Ca02eRYawwuvNQW4J3buJ9qo7rXmMxOLceNw27cqJDbKDyo9vtRt02L7oleIOVbw2k7+6cVsASBP36V+dHiVm3XHXlOK9bqypc9eexmur/F7Xt3ndNPMr8tFuElSkgGDwYJrhnW+XN9kHEtKSUzBKTKT9KQvk9GhfGINONu3t4hphtbq3FhKEjkqUeABXSnh14do0xighQC7pfqddHc+w+VL7wB0F++cy7nLptS7awV5duD+FTxHKvntB/M10mLHyrcmOvtQZpW1jj/yOwxr5sogwAICTxXqtA62AB5Z4r1X7P6D9848duHFSSQB9OlE2jccbu4Nw7KoICTVIGElHv8AI0wNKY/4WwS5A6RwK4zprQq2lZuzToZQGwr6maF31/xJAC/60QZh4SRtkTMmqby0uLV6RB6CKS+9Brao14th3J5RhhKZSpY3FJ7d6aN838FaJbTI4+lD+gsGhV+u78sJDSNgJ6SeT/QUQajKSgpmB8qq1doJ2kkCt7dpDiidvmEQVHqY6VUPXe0LBAUVcSOasTboWT6I5rB9hoJEoCaFxoK/ATaGtAmw8zbtUY4A/vV1mXbZ+1aaeQ2+tlXmI3onYr3E9DW3S9mGMW1CRykEEdIioeTaHJCYn8qnJpl6eytcVbvtepASB3iaocgww1ftvtt+sjZvA5Cfb9Kv3GErSOPy6VXXrCEutJA5KgaPa6ZFvYY6dQptpAAB4nvNCOr8cnI5sXJsmm/IlIUEiXSTO5XHbt9TRzhGvQgzzt6moOf2KR5KG977zgEpHIAP+hQxfF2OXyf6OffHG5cYwSUurUFOLShJkmOpkfP0n86QVqwbq7Sk+rnr710D+1OtrD3OCxLYJuDbuXD5I/AJCU/cnd/9aRGn2wbwL5ia7Xp79u2YZ7mHGGs0toHG2PaYovxjIUtMgHiKosY0FpTE/fmjHFWiFbZO32pWRfR0vTpxVFhZ249Mj71esWwQkKHPzqPZsBtIJMx2q3tklXE+is3C1s6XKjFtqeetWViIIEDrzWksQOAR8jW2zlB2qiapR1QakGeEt0qSmY57Cif4NoMiBQPibpTUDqZ60YWDrr7Y6wKpRokm1uzU9bJTzPFVty0CT6eKvHUgzPEe9RlW3nQR+U1OLXZIyT2wSvsWFoUQmQeoNKvWWlRbFbrAhJkkAdKfD1oAFBQihXPYVN02oBMk/lWjHJrZmy4lPs5T1FZkynaQsHuKHWi7aKPPPzFOTW+ibhguOtJK0DnYBz9velezaF66Uh1BV2kDpXQg+a0efyQcHTJFrfv3SAVuKWkDoT0+k1qssw7jrsFCgkg/z81Y4/EuIuT5SlLSRyg81Dytim1dQoKCjPKfcU+UXHsSnurGnoTW1iLpoX1v5SiI81ken7xyK6e0VmEPYtJscg46wtPpO8mPp7VxngcI6u2Te49z1gjcin94P5BNqoMXKFMuGVDy+UqH2/1zWTJ1aNMI2qOg3s3cXOPQy7d3C9oj1OqP96D7TNPYjVBR57i03IBIWsmSOnWrlCk3DHoMmhLWmPLuP+LRIfs1B8R/ymf7TWVZZN1IPil2hhvXq3RPnugHkJCztH26VWZhu6yVkWW755qPwkLPp+gmo2Ov/wB5Yu1umyNrjYUD9RUkSeZj50fOS8g8V9GONv1Ydm3td6lJQnbvWqSo+5mtubunbu2KA4pCT1KVR+tRL1nzGyT25HvWDLwuLaD245qlNt8gqVdaMEKdQwGjdvhsc7Q6oChq5xdxZ5wX6b151oIjylLJANEamxt3Ak/WtTjZUnkg+/FOWSX2Dxj0Q7m4Tl8a62tW5C0lBFcf53T91itRv44zcOocDTSU9VyYTH9Pzrq65eOKuFbf904O/SaENM6Oa1B4iW2VcjyrAqeI2fjUJCefkVT9qLHk47kTJG1SGB4eaOb0fpuwxaACtpJU6sAetxRlR4+Zj6AUR5AJ8vaDJ7gVPtUeUypaug6Gh1+7LrywDIJ7UGFPJPkw8r4QUESUtNwPTXqifEKHG4/nXq6tL6MFv6OR8Yx8VesoSfxED5Gms3bCxxgHT0/SKAtD2JuMj5qkEhPcdqYGZdKbTae/bvXlnaZrb0kCGRf3OQrke8TXxpCQkHvP4prVcL/ikCZnrVtg7IX+St7cIKSpQBUD26n9BSLS6GRVjC0vYCxwTRIIceAdM9pAj9Iqj1NcQstzJHSje8KWLYwICE8DtApa5W5FxdqPUgz16VFpbJdsjtJUUzAn8q1qQHLllvutQE96kGUonjmvYq3N3nLVsD+aQYnntz2oXsLyM/F2vkY1tMRCB1+lC+fcIWEEg89DR15YatIT+EJgSeYpdZx7zr0wfSFkDnmol3ZfbPqUmApQjjiq59QXkm5HQ9Jq2bT/AA4SRMfnVW2nflUkn8J79KjTa2Rd0H+GSNqRHITAiqqzX52oHlROxwj1dAZq+wjXA+Q6+1UmIs1Xi3UMplbqlAz7nrJqopWNT4pnK37RV0MhmhmnFOleWfcNsXPSU2zKQlKdvYetJj3UaWmlxNykkDjjmmN+024tzVlgwsACzZeaQlKY2q8wJc/VCR9qXmkElSyTEg9TXoYL4mC7YyMUSAAkiO4mjbEidhIAgcA0EY91LWwhSQPY96K8bk7O3I+IuGmzMALWB/Ws84eTp4sijoLmAVpEAx7RVpao9XAj6mqixzNggbku7geOtW+PvmLhf8Mj6zSeMnqRtTjWiepB2dB9ajh1DSpUIHvViXU+XAgk1UZdolhXl8yOgolBB86J7WftbFQU6vanrUlzxqx2GYUlTDriyn0lABA+pJ4pc5JpxVmeFkTAKeefahr4VFy9DjhCT13GnrGorZjlllK0vAcXn7QC7x11NnYPOK3QNxj79P0rZjvFnNbw47j3kjqPSQPv1NQdO2uLtAj+OhpR7oQJ/M0UPKxbjYCL1a1dx5kD8qjcF4BUcze2Xmn/ABOt84tDV0AwtXAJB2z7UV/CeZHIUDyNtKxvTditzc0pwT7uFX9Zpp6VForEvLXeIadYA/gumApPuDQxipOomtSktSML/RDeZtlpCU8iK5s8T9EuaQ1AHfJ8ptSpJQqQee012zoLSeR1Pj3r6xDT1mgwHUupIWe4T9KrvFb9ne+1Zgll9xiyUACXFJK9o7GBHT61vx42kmjk+okpOjiLLG1btmr63dHqTKVhO0k+xH6Uv81lm719JTuSsdRPQ0e6rxFhpy7vcRa37WYZQ9s+OYG1BMCe57yOvagHU2IZsFNP2yj5S5CkqM7VD2PcGm5ZN9mBRqwk8NdVqwOa/jfxbJ+E3CSfw9YX9p59x9BXTenGU4+5tLxmPhn4hQO5JBEjpXFtne/DrKwn1DqrmKa2mfFTLY7SycY3dF1pAhkPICi2nskE9h2BrHki5LRoxz49nattcNpZDghKSJJHSqbM6hwyku2y8rZpdUkpU0bhG4g8H0zNcR5bxGyuVc3Xt2/cuDgec4VBHySOg+1QlavuFjbukgRM0n8e1tmj3cSduztDwv1NbP4hzGuXCPPtHVIQCv8AGg8ggfcj7Udpc3gQftX5/WOq3QsQsog8bSRTF0d455rTK2h8QchapMKt31lUp9gex6QaksDfQUXiyai6f7Ov1+pNVTH+y3i2yICjPyqj0L4lYrXNvNo55dyn/eWrhhafn8x8xV5lEFK0PJiAetKS3xaKcJQ+LRIEErRPHyrV3ImsmwDtX2UKxuBsUkjgH3pne2LapUgV1rdCzt0cSSeflW/QeexuOsHEOuhu4eXJmeR25q1y2JZyzOx5G/mRHahxnT7GNyLbaxuaUPTu96NpNbJbew31LrTHYnHWqQ+hZuHUspCTPJn/ACqqYvAtSVJEAnr70qfF7Eu2IsrphZ2sqJCVHgTFHWhsknKYa1fPG9AiTJHY/wBK04YKMLRmySblTQUncT+L9K9XyI716n/ICkIvQdj8NYpcVG49vapupbjywImB2T71YYizFrYoASBA6ATQ3qi4KniEHYnoDHevOce0H2U6Vea4pU8d5PNHnhpit7794pMpSAhE9uZP9v1pfNKLkBUEk9T3NOjRdgqxw7JKYWUyr6z/AJRWWWnRojaVm3UV18LYu7jyodPYUtgvz3SYkg+9Fut7/aypvncTFCVknaiTMn3pl1oBMkKKUpPuBVhoW2XdZ0uKBAA4g1UPuENkyOveirw0tVOXTjyhwlPpMGgtDVe7D/IuBnHuE8mPalfeLLl+IMAmYpiakuA3jVQYnj50trdfxGQTuJIB9qpWiJ/RbOq8pnsYHaqrGevIEkgye/M1YZF8N26vT2iDUDCI3Pj/AAz9at66LjvYzcJ6LZaz0CelTvDLT718C4QfMEKJB4Cu9aMUztxDqgeAj+1G3hpjJs3VNkoM87e9XB21YcnUGcW/tneHT+G1EjPoQtCbly4TdgRCNoC0KHyKd5PzFIDTa/h2nCoSE8k9CflX6FftQYDH5jRr7OScR5jZLqW9u5zYf4Tih3ACXT6u0j3rkjTnhxi7Fx1le6+WFCS8fSR/7RA/OvR+mg86o5WXJHAuUhbIu8nnbos2aHF7f5GQVKA+g5qwOls5jnEO3du/bFQn+OhSCof/ACAp9WDiMHbFq0bas24EpYSltMfRMUGa4um7i8bubd9KnigIcQD3HQ9f9RWjLiWLVmb0/rF6ifFKgUxN3e265dJI9getHWndReQ6jcSCewpfvZc24UtxxlSR1IPIqxxmqbV/FPtoYUbxCkqauArlPI3AjvxP51ja5dnbxyWN62OZGom2IW4oI3fhB6mrfCP2uXv2W33Am3clTnrg7QCYHeT0+9J/Ttw9m7tpbr6iCI9R5pg4yzTjnHC4pSSpMoWZmaWuMJ21aRulLlipPsvdW60xmMShCipCWxDTLSJ2Aew6CkhdagtUXbjjLRtmiokIUqSB7UytTact8s15hUoulO4FPf7UoHsQ9Y5U+als7eUpMwBTJZXll8jBj9P7Nyxt2y4d1f8AuVgXJtVOpJEJUsAn6Cvr/iu5evMtpxLCZEDa6VT+aeK+Z9pGp8fbWzqWmCwZS62IPzH9KsNI6axGMWlxxtV6+OBCpj58RVPgMSztllpnW1+6uFWoZbkijv8AfDeWs/hZhS4BPYGq9vTScmhtTLfkgc7RRXhtD2tohLoKlr6kntSYyjakjZxyyhxYW+BHiXmfC5/K2DeMZvLa+KDuecKA04mRugA7gQR3HQc01Ne6kzGq9D3NvfXhUhbajtbSEJPHcCJHyNLuyxiBcIdSJBg/WmNlrQu6UKUiT5ZB/KuhDK8jlyMebDHHxo4Qv8Q1c5lbKiEMpMbRxwO1UGrNNP8Aw6W0pJtwr+GY4/7Uxte6YcxmoXFIkJ3SAR2+tXensUjP6fvmFNJdcQ2VBKu3Hal7sQsacW12Iez0U7csrVsktQYPf71m9bC1ISUhspG3aOKZl7j1Wumbx9oJKklMJHzUB1+9LDMWz9y+XA2SCIjsT8qisS48QfuFgOynqDMVqLig5yrb8qlnF3a1E+UZHPPFZJwV24qQEge560VCzS2sADrI61ZWD4SCredx6Ct9npR9YBC0AntNXFjoZ91yPiGufrTYxu2BZI0/nLvE3TN5ZPKbuGjuCgf0rqTw48VbbXuLNtc7GMs2k7myeHAB1A9/l8q51x3h1epVHm2/aIUefzAo50z4P6kF5bXuKdtvOQoEEXBbJPsJTH50x+k91fF7NmD1sEvbzP4+P1/8OjrJfm2wBn08SKlralHp+3NfdJaVz6rBtGQtEs3m0eYlpxK0k/Iip95jHrJflvNltQ6giufPDOH8kE5K9OytZEhSD+Ie9VGftVBtLiPxIM1cOp8lciYNaLttLrKweSRzS/2GrewS1fihqjSNywBLpbJTz/MOQfzigjwpzRx6XcO8qHrdxatqjzBVyB9DTHwxEXFosdOxFJnU4VpbxCNwCAhS5IHdCpBI/wBdq1YZb4vyZssemh3/AB6PcV6gUajTAiY+Rr1aeZno83sbt+sAJ/OgDN3PxF2oQRBgdqOsg/5FmvmCR3FLe+dl9Sj6pPavN2ktjifhbf43K2zAO6FhRPbgzTxtyLSxKgCEhNKfw0sDcZJy5XyEQlG4cfM/0pmZ27+Cx5KiAAO3YVm/tsfJ6pC71TkDe5IpSSRPTsKwZRsZBIHTpVYw98dfqUvlSj27CrO5hsRuAgfnVtK6BTIN68AjgAA9I5pi+GqSnFrWDMqgmI/11FK+4O91KT6go8AU4tGMhnT7MpIUqTyqar/YzfGzTq+6CLcJmDEmgnFkO3aiAJ7wavtX3Uqc5EAxyaoMICFOLHE9Cam7SIqirJGVcIQUmOa+YJH+0DnrUbJOBTokipmAgXCRtmT1NXRcV5Y2sUP/AERfYkUY4vUGH0Jou5zmevm8Xi7eFPXbhMJkhIHAJJJIAA7mhWyZH7oQhQ2gkCBRteaHxeufDx/T2Waccsbtra6GyAqNwUkgweQQDyO1FgS576KnLWvs511/494DUOP1WcRjby/cybKrJi5eIZCUFvYDBlQO5SlAbZJNc/Xuo8xpTLOtZnEP4951pLqW3UFBKTMHaeg/X5V2JpfwXwvhpq9u1xls+/a3rH8K8vFBx1DqDKk74ASFAgwAPwUgP2srL4fX9i04sKW9bOO7CnlASUI/FPIMTHaD7118eTjL4GTLCM/jLaEJqfxCyWQfAQ6tlA/4bStsn5kV9wRZvmHnL15YuFD0ByQlJ/pU1Gmk36wpAg9lCprGBvWAG9yClPAmnSyW9vYzH6Wo/FUv0L792ZB558FIaQ4r1lPQj/Qoo0faoZvmWUqCgOF+xHzq6Vgbm6JC1SDxCeK34vFIwjioaCld1HqKWsik9GtYONBHiraMu2W0BAJ6J/DTRXiRlMWEJVsfR6kqnuKX+nCq/vPNSBtHE02cJZLU0kkE/Ks05S7OvgxvjRW4zGPXGK8tSy4tlUqaI5E1Cy2nLK9SPPtE7+hMQaNBjLiwfTd24hxI5B6Eexqk1DnVpaJdsFhYElSEyKBrkrvYxY3j00Ax0HaBX8JMA1aYvSLdssKCZPyqMnV9qhcL3pIPQJ5q5sNV26kgttPPE/4UR/WpvWxsXH6DHAYZKUiUdqtGGG2C6yo+pRhKR1JqFgMzf3oShm1atGz/AMZ4yr7JFFGMsmLO5Lzh864IjzldfsO1RKnsFycrUUS8bY7A0hc8daZBtku4PyUpEqTFBDCkuupI4+VFOPvjtDRV6u3NbvTzpuzm+si2lXgQ3ibpL465UUFKVtjifeaFdNMLxLL7raVNFCFeYSOIHWfyrofUmlvObuHe7iTz8/egDw7yNjjc38RkcaxkFNpMsumE7vf2P3963OKbTOVHJwTdWc75fKsNYJ1JUA24IBBBjjp86XCFoU4naogTHNNL9pLLYTK+J+UutN2qMfhXmmCWG0bUG5CSHlJA4CT6PqoKPelApYchTck/pS5pJ0mKlJvbLsWSH7hwJISNskE1BuEKU4Et9B1M1DVklMAoc7945qOm5UtcBXJ9jVtcVYst7e1Vu5eKR9SQKnoS9bqQGbgunrIVQ8h0JSZXCu8GsrZYC48yCe/Wii/KKY49HXrbeMWu+UFOlRCUhUmIFMDTWrlMFLbCdoSPSkK6GueLN/YpO56YPQEimHofVrGHum3nbVF02hQUUlUbv0rq4Zq07MOSHHwdX6D1DmLi8ZuHQEIRAO0cGnrb4rG61xyC+gB4JgOt/iFcoad8d8a6gNKtl2xPHUKT/Uf0pteG3iE2vIoctn23GldUbokVrz4vfh8e0JhmljdS6LHWPhzfYULcQ2X7Ych1scff2NA67dSQZT+tdTWl6xkbcLbUlaFDlJ5+1BmrPDC0yQcuMclLD/Us9EqPy9j+leblBN09M68MzX+jme/jH5pl3bCXRB9poE8bNOF+0Yvm0kqbO1XEwkzz+cfnT9yHhZksy8lhtotuoVIKuAKLWPANrLYv4TLvBxKkwtSRCp9x7UUMLi1KToZk9RGSaRwa1lb1DSE/xOAB3r1d3J/ZH8PgkBWKC1RypSpJPuSeterqcvS/5f8ARzeWX6OTdS3ARbKBKpjhVLu4dClGOR0BFGmprmWlA8iOgoKtGfir9log8qBIjtNeMdxTOjFbobXhtZfDYxHHqV6jHYn/AEKx1zk/LtlNhcKJjpNXWHQiwxKJJA28D5UvNY3/AMTerbglB42kcUmCp8mMat0e0wxO5XO01vyLhClAemPapGCYDOLKoj2jiKp8xcBEqEz70NumUqsiWivPv0plRM9u1PfGJFrgbYdNrY5/pSO0u2LvMsCTG6Jj5U8L1YtMRtAna2AJ6dKiSeg3oXWqLzcVGZkzI71Hwykot52wTVdnbve9tEAdhU2xWEWYPal07GulGkasg6C+ff581d6Y5uG+Op6kTQ064FPKlQP0oo0ikOXzIUogT3FFJbKj9DktmYsLdJTEkcU18Zaqt7BlMchAkp5A4pVtmBZJmZIpp2F6sWPpMKiAAKZiq9ipt0gZ13bryWJet7Vw298g+Yw9HCFjkH6dj8ia4k/aDau8pq4ZF5Clrs2RZPbTuLZErUT7epZB/wDaK7jz763GFEn1AHkDpSG8RNB2mRt7m8S0TeOpX55RH8RJHMjua245U9i2zmHAMjiZP0iie3sw5PABPc0O2JQm6UhCQgpWoApMiAYorsLV24gF4IH/ACiKdOHJ3Z1cGWo0keRYtW6CTtTPuKFMw0bi58pkAuKPRPYUcv4tppW4r3kD+YzQQm/TaZl5bie8DjpVQSi9Dsvy42GGi7IWCEhzalR6zTZwOTs2CjzXAU+45rnF3VV8chCLchr+Ug0S4vWNyohAQsLPEVc4t7G48qukdGX2pcKm3UpZ2NpElZgCh241TpzKp229yy9H8qFhVLq3s3M6lAvApTYIUEE8UYaf0riGXkK+CSh9I4UZj8ulKo1RyFDlNFM5Zx11hvygeUrAqhZU/pp8Mvp3IP8AN2pyXflNNbSIgQAkUAaqYTeNrAbJPYkdKv8A0LlrZZ4PU7Z2woSR070Ts5oPhMH8654TqJ3BZAsughMwFe1H+DzpuG0kL5PuaqUWtlwy2/8AQ3WcxtAG7mr7AZZTlwmVbhNK5i9Vx6io0U6eu1IdR6o55q8cnGSRMkVKDY9fh03eLlUHiuG/GG/ubPW2oWIKU212W0JHTZtSR+iq7QxmXSjGJBUOlcM+N+R+N8U9VOAAgXuwA/8AK2gH9Qa7HLR5eSpsXOffdeSlRSQCOBHSh4OLSmQRsBkcwaKrppdzYJI27h0nrVerTyrkJMhMcnvNBVqxd0UFw4pxczKD0gzWsOErKkgo+ZolaxFpbKSHDuA68xWYs7IFO1CFpJ+9RJVsoGkFauRKj9anWdm+8knyyY+UVfoaCJ2IRt6QAK3tK27RIAnkUxJeCiFZYu8Wkegk9OkUTW2CyQbbAtldPxDioTV220udw3duatrPUrjJB8wx0iZrTDjWhbTb2XuJw+R9ALAST7qEj60y9IWOTt7hpTIUhQI4Sql/itatGA42Bx1Jg0e6X1xbMrDgdACeoPaup6fK4u2YM2NnR2kctl7VhuVqUO6Z6039MZty+aCH0LbXHG4VzfpvxaxiChK3ggiPxCJpu6W8TsVdJQU3DageJCh1o/VQ9+DcY2xOJyxPfQ0fIQXN+0b/AHrYBFU1vqzHPNhXnAT2qZa5y0uTCHPzFeeliyLuLOonF+SdXqw89s/zj869SaYej8wdVXMblEkbR35FVuhLb945srUoqCBymYHX/sa+axvAlYbntyevPtV54X2fltOXJG4qO0T1jvFcWatM0w0rGHlb0W1godAkTEzSvW4cjknVElcq4ERH0or1jkFBgoSZPeeKGsCwVXQVHHWSKFRpURb2FCwLXFTABAiOlBGYuCpao+kTxRpqF34axCTAlPQ0tb24Be5Mmeo7UPDwEldhr4a23n5ZtRkJB5HHy/tJppawufhsSogn1EJgf6+VAXhLbg3KnCFQOhjgyDRP4iX3k2zTIlEyozwKCKu2W3sWWUfC7wEcme/arlLnlWCTP5mhZ14u334uCekzV/cuBFskJgmPzoIJt2x0n4IgdBekSRR7oltSrltW3oRBml1ar3vbenM8c0zNCtBTzY4BMcCipW2XbTG9Zth29skdTxTMbtx8IG0nao9VUusWyV5S3TEQKNXXFgbSSkAdBTsXkzyvVlLqq5DLamEvGeh+dL3LkKtHiFElCSTHXp2q81Pf+tXqMpMTFDWSuosXFGCViNwq2y4fZyPmyqw1BdgIDf8AHWSkD8MqJj9ausbmNu0hUH2Jqb4t6ZWzcjK26QWlbW3gP5VDhKvvwPtQDZXjiSlJVIn7Vvi1kgmjThy8ZUxi3eVDjCpUCSPeg9/IMi4JISvmsMoi7uLBxTIJgchNAyM67j7habhtSinqetLxw26Zoy5N7GZZ+W+pBiB1j2olsmrNiFKKSvqDFKWy1oq+Whi0hSyYSnaSpX0FX1rZZjIONt+XtUpe0717Y+Z7x/qKc4yYUMuOFcmMlvUDVoSpS0hPQQeavMZ4g2rIAcKlCIBmIoWx3hZeLctVXt+htpz8XlAqUOkAdu/X5dKM7Lw1wGGySVXNyblhSB6H1DhXeYj5RxS1B+WNfqcd1BWY3fiIl4Fq1tlOn8//AMoW1bn84m3/AIbLLSnE+lIkq/yo2tbuxxNrf2tpa+Q0skNvccjsT9Kp2ccMi8kqJcg/i6zUSS7HpznuqQpXtIZW9tDe3jqnHZnb/Wi7RqFItdqjJTwJo/zmMQzilKCQnak9O9L3ArNvdOKJVBPAI5qm01SFKNS5B5bLI2qg8DpNEOKvNq087TQc3fkwUn7VbWF6Nyfl7UMVY6UqVMa9jm5aQjeQnv8AKuJ9TZ4ZfUGTyDsq+LvX7hKjwSlbilJn/wCJT+VdT2Trl7a3LSQoKW0tI2/NJFcePOy02lZ3KQkJP2EV1lGShZ53K/m0bri/SBtIieh7VUvXr8lIe2pHMSa+XKf4iQFbk/4VJr63a/ESlsEK6Qe9Ck2rEPRDcL7iiorJB6d6zQ25s5c2+wq/x+mLt/0lBj5DtV7Z6GdcQpSEqkcAxNa4YW+0KeSKfYEN+cwoFNwoEdAZqcjJhQAcCj7kcUTO6DeZbLjqYA/mJMVAttNh66ASsqbnrFLyQcHQ/DF53UNkFKbh2F2yC8kjoamtW13b24duGFsIJgFQI5o+wGn221tp8sBI42gdfrVtrDBW4xmy4AQ0tJCSgwQY6/8A7S+a8I7f/q3wtvYoxkFtOQtRPPU1d2OZW23+I8wZnihd+2cSvghwJ4IHY1uZf2o6hJHEVqhkcdHAlFN7GHYagUjaQ6qTwYJ6UcaZ1W7auhTbpRHcKg0kmL9aAIMD3okw2WUhfKir3rpRzOCtA48MZypnVOnvEJSm20rdPTgz2pi6d12sEQ9I9ia47sNVLZKQFkGaKsf4gONlCPMVKe8kVqjnjLUjTk9Mno7IHiCYHrNerlH/AMynx/x1GvUfHB9Cfw/2xO6ruhd5QstySV7aaOkG02OGZ4A9Eyn3pRWSTldSBJVvlfQDpz/QU4F3CLTGJQk8hMc8184nGXKmh9/Ggb1LeG6cASoGDzuFWWnGZUjjih51JfuzEbp/l6UcaftghCVGJAkzVJJ9oHpFRra68pCWyQeDzFLlx8qWoiTz34ot17eFV0tG2YMADvQtYs+Y8gEKVPXio4u0w477G/4V2q0WhegDiOD0rV4oZI/HNMlXCEAwfcz/AGiifQNl8JhkI6oSJSQI4NLPxFyAfzV0eQpKtm2ekcf2oVF7a7J5oGbdxK8gD1AIMEdKvL+5bQ2IMjqB2obxW5y5B6qmrjIqUEAiR9aUlsO2ZWLvmPDuDweelNjw+M3DIKgew96UeKSpT6ZJ3H3px+HiN94ylQnngD+tR8UG3ascmBaU7mElHG0ck1fZu/8AhG3PVuXEVT6eQtq4dcBgdBNQtUXLmxXJP0p+OorYhuwbv7o3a17zyo/hFU2VuR8KpsJA28EK7/SpdqhdxeJEGBySah5+3W2pS4iR9jVW26GNKtABn7NjJ4+6tX0BTTqSlSe/yI+YpC5nEO4PKu2lwFSk7kLKY3oPRQroW5SXCoRB9qH9R6Oa1RYpt3EFu4TPkPj8Tav7pPcf3ApmGfF8fAT8MWmCvkJR5Z4njrUDUOmrF11TxbEq+VfNQ6eyugs7+7Mtam0uFDzGV9Wrhv8Axtq/mHYjqD1HSbW0uGclbeW4fVHc1okuL5I1KcckUmLlzC/uq+Q/bogpVIPcc9qJMbqB51+VPKbVxz3FfHLUN3S2HOk+knjiplvhRwUpB+1PYGOX2gsttTLdZQH7x14ARCjU231K2kpSkbhMQOKHLXBuuL/3ZSn61eY/B+SZU2R3oZOujr480GviglZLucW0QPItwI2zJo3xGNatGEhAk+xoY09bBLiASI9welHVo3taKj0Hv3rNJlqbkVucs/ibfYeJ7Uv8pi02ijtEK9hTMvnkIQSQDPzoEz9wFuyImlJtKkBJU7KW1JJHMR1q8sHNsKmqFtxClqVPy4qwauigISTHsRWvGvsyZZ3oY2jrgh9tRAkqAj3rl/xb06rSPiFnccEBLAfNzbgdPJc9aI+k7fsae2GzC2LxpaSZQeCDQ1+0jghm8TjtStNFTttFpclI6NHcpKj7AK4/+QrrxnzhwS2cjJjcXbEAyW3fx+r2M1a4FjdeCAAJHNUjW1txW9QTzxPSrFvVlriwClvzFp9hE/ftQwyU9maSb0jqzwf8PLHWOONu4lCXgSpK1j6fr1qp8Qcjpbw2yruLevm73KJTBx9mQ4tsf8/MJ+5BrnC68a9TN2zlrjcm9hWXAUH4FZQ6Uz080eodP5YoSwF4Tl20gxuVJgncok8kkmSSTMnk1oyZ5f16Bweni5JT8jfy+o7rULqiEC1s5IRbp5MfM9zUnD2yQoemPqKrLFmCkc8+9F2CsN7iQa56blI+g4PTY8MFSCHT+N8xQ4IHuRUTxDeaTZi3UIUj1AkUUMrZw9kVuGFRxSl1vqI5C5dQh1O2etXLfxRMmTjFyfQrbq6W3fOEGIPSpLFyxepkkNOz+LsalZjTL9mdzwUlSk7gfl71R+X5KomY5ra8dNWeC5KTbRcK85o+ocdiOlWOLvyCU/i/5hVPbXjhQEqO9v2NS2g1uBaVKu6YihUuOmg4PjKwlavQhYVJnvxNSU5EpPUx8qH0vKTEk/ftW8PxzII9xQxbNzn48l8Mo5HBMV6qjzFH/wDa9WvkV7i+y80I0bnMLe2zHJHy+tMHKPq8v1Hj29qD/DtrZbLVMEyeOtX2VuT5uwAKIHINeTyfzZlejHHW4fu9wSVHtTExdsoWhhE8dY6UF4BA3tkT7mjtNyWceopkEjgCh2tFdC31Jhri+vVkIkE8GtOG064i+bQUnrHSp91qF4rX5jcJJ69qdn7Pz2hLhDp1HZPry24KacXuU3tjokDoe/3rViwe5KpOkBKbitIwxFkLLCIBTBQj29hSI1DjXMlkLgoSVrDq1Eck9TXX/ikdPWOKdexB9AaKijaQAeg61yUrLBm4cVsnzACn503NhWJ1F9lwnz20RsRpt2W3RG3rx1rXqNgslPBJHtTM0ddacZxDdzl0Xj92J3W7cpHX5RIiPzqr1Nq3RsFNtpW9bP8AjVkVKH/1KiKXD00VG5T2D7kr1EXuFK13CdqeZHWnX4dNEXre7sQInmlDjLhi6vEKtmSy2kxBVJ/SnD4c7zeb1Dp3NY8mNQk+Jp5Nqh4WNqGmiqQZoc1I/KvLAgk9avcfkCi3Mgce9Dmcyjbr6gWwF9oo4wTVi72Z4XAb9z07ZHfvUDVGIm3Vt9Sh2BirbBPvupICYSK1ahF0zYuLCEfcVShT2VexR3bAYUT0nsaIdN2lm/c2/mpO4KmqXKXj5CkFCPUf8PJq60jajeyXFBEGeetU4JOx/L40ObLeFmmfErTSsTnce3fWi0721RtcYXEBbaxyhQ9x9K4e8X/B7MeCWYKXLoZbAurULXJ8JcA67HkTwoD+ZPpMT6SYrvrS+QTZ2aju3BKKXT2OuNR62ury+ZQu28hbTbbiAoBKimRBHcDn3rRjnWmKTaejg4Xibp5KyPUnvRfhy24kHcN0UxPFX9nC2xd87f6U2WTaiVLxS1Q1JP8AwVfyd/SfT7RSibN7p+/Va3ls5avo/E28naQPf5j5itH8kmh+Oabt9hxbNoSSVQE+3epKHQ90cKkjiQOfpQ01lA4geuZqRa5Jto7THXpNLatnVg0l+wvxt0bdQQjiO5q+azjm0J3EAe1LtWWSgSVbTM1pudWNMNmFzHeaXKP0OWTVhxks+hKTvcgDrQLkM58U+tQPAPEdBQxl9WKvgUpkN+w71At7i5vBsQFQauMaWxcslyC1eUCAIUJPapmOcfyLm1O5SR1NU+F06t1RW+o7fn2o0xqWrNgIbA68qI61TyVpAcOeyVa7bUISnt3FFbbDGdw91jLz+Jb3TSmnE+4IoSL4mByausNelpUuGRHQ1o9LmSn8hHqoXHRy34i6FyuhMx8NfbnLdyfh7sGUPAdfofcHmgp1xZkEgEdq7ZzeNsNXYS6tby3auGt34HEggGOonofmK57zXhnY4rIrCUvvspPpQpQ4HYTEn7munnhBO4nFV9Cmh08hPHWKnY9xdpfMPFBSQoHkV0x4B+FukdZ6hdavtPsPs2wCXG7pa3EqKuQSFKI7HoO9Hvjd+xlgBZIymilpwt4j/eY5RKrV8ew7tq+Y4+VFHDHim2KWbjProReOzFgxaNPv3CEgxwDJ/KrFjXaEgmxbUSOi1iKu9Ffso5nUSFtPZi2sLodLfyFPpR9VBQ+fQVeZz9lrVekrNQHwmUgcm3Km1f8A1V/nWiPo6VtnUy/+byS+EdCm1HrfIX0g3ao6cH+lVejcZdau1Th8Y0pRXe39vbkifSlTiQpX2TJqx1LoXKYV9Xx1jcWqOkutlKD9FdD+dH37LGGxznizbP3y0g2lq4/aAkbS/uCefchKlQPrTvT4OM+TWkcv1HqZ5Iv5Ns6K8T/AjHagwynLFtLN02mUT0VHYmuLtX6YucHkHrS4b8q4aJCkKHPX+nzr9Iry5QtkAOJMexrmj9pnBY82bGRPli8LmwQBuUNpJ/oB+VDkmmqYnFGUezkkuFsEboHbtFbGX3GlAhQnvJisb4J8xQIj2IFaWxud2gyo8ymsV2uJrCVm78xqFQT7ivvmhG2Vbkn2FVlkNnB5I/xVISvkEztJ69qWlZrxvVk4Ppjoa9UPzB2j869WrQNoaulibfH7kgggcSJIqQVruHjyZJgxwDWjDLV+7EjcY9prK1UfORyfxVwmqjyE9hdhGUtKSY47gd6Jr+8atMU4VAlMc0OYr/eD6irvKCbAg8jb0rPBXNX5KYEPZJq4eQ2tPltFad7gQSUIkBSgB1IEmPlXYXh54deGNphmLvH5pF2840FLcXdjeTHZB5H0rkV1ISoEAAz1Ao20O842GEoWpIJMhJjua6+LLLH/ABEzgsm2MLxedtWbG9t7NwuW8+WlUQVCfalvrTR1jpfQWmMr5ybm+ySi6sI5SlJRuCY+XAn61eeJi1DCIMmfNTzPyNL66ecuLPHodWpxLYWEJWZCRI6e1U8ilOUmvsvg1W+iVgsja3LrTd6Tb26jCnEpJ2iD2FSdUY/w/wD3a+5aZvJuZJKSUoWz6FH/APyAj7/nVSofxintt6flQdkyVXCpMxMT2rNBtK/sbxvyW+FZaZfUUEkAiI605/Dcb7sHrKaSemTJAPImnd4Z/wD8lJ7xWXJGnYY03LlNvYqluSOlCa75N9feWnqT2ogyyj8MeT0oawwAyo471SjSspMMca29ZsGE8mq7P3twbVaXUemKv7UmDzVNqgTbL+lFVi72K3LZFKUhsMIUoGZ70R6XZubopXCQ2OgjmaDs9xdKA4EijPQy1FBBUSI6T9KZx/YxulY39LMqftvJWNyinmPao+UYFneKKJSAOtTfDskruuf5B/WqzxAWpFs+UqKTsPQxVcE9FX5FprDNMXzqlqdASn0pHvSC8bsti14tm1UQ7kW3A4hSBJaTPqk9gRxFF2euHfj1/wAVf4CfxHrBrm7O3Dry1rcdWtZBJUpRJJp6VaDirMbbUNyyv0q3gdKtmNQ3NzACUk/Sg20Ud55P4qv8Yfwnv71DRFlyXL28B3OlsH2r4nEeaYcdUr6mvMqMgSY571vZ/F96UzbCLrs3MYa3bUkbUkj3M1fWSGrdIGxJI7GqxvgJI4NbtxDg5PaltP7HqO6QQtXgMBKh8x7VKQ8VEJB3KHaOKGbIkXTkdyJokZ4Sgjg7RQe2i1Jxdlnatk+pZBUa23K1Mj0HqIma12JJb61EyCj5g5P51cFQL2iS3cOWaFBTn4vUqDxQrn1C8ekEke5I5q7e/wB19qpXkglMgHmtibcqMDilFyHd+zbppGKwruReSPMu3CsKnqgcI/z+9MLWeoytJbSo7Rx8qq/D1Ib0dYhICR5KegjsKgZ/laZ55r0Cgm0mee7bkFfhIhtGU3khSlmmPrdlDjRBA5FKrwwURk1QT+IU1dVGWm559NaJraRmW8jbEtl7dNs+QpAWgn8KhIqLhtEacvcmzfIx7FnkWzuS8ynaZII7cd6utTAc8VT4hak3KIUR06GnQ09BZHas3an8PtQuBb1lmnkII9KB6YH1FITXvhprq8ly9ZfyyG5CVIeC1JTPsY/qfrXZ1kd+PG71envzVQ8lPmHgflRPFGStoCGWe6Z+ceb0fkMZcKZubN1hQP8AxUxP07GqRNm40tQKTA7xNfpVlMfa3tg6i4tmX0FMFLrYUCPvXIHipjLO11hdNs2jDLflfhbbCR09gKn4GOcbi6Gx9VK6aEuyFTC5+o6VMPoA5ASOlTXEJEQkDp2rRAgCBFcnLj4y42djG+Stkff9Pzr1Yq/EfrXqPQPJn//Z","Sweetheart ","   ","SAYCON","","cagayan de oro city","2001-01-26","21","Single","Female","Purok 4","","","0956525365237","sweet@gmail.com","CEO","Barra Macabalan","1","");

